Official Name,Add_1,Add_2,Add_3,County,Ethos,DEIS,Number of Males in 2014,Number of Females in 2014,Total number of Students in 2014,xcoord,ycoord,Long,Lat,Roll_No
CENTRAL SENIOR MXD N S,MARLBORO ST,DUBLIN 1,,Dublin,Catholic,Y,100,108,208,316182,234864,-6.25505,53.3512,00752A
CENTRAL INFS SCHOOL,MARLBORO ST,DUBLIN 1,,Dublin,Catholic,Y,75,89,164,316191,234838,-6.25492,53.351,01795A
NAOMH PADRAIG BOYS,CAMBRIDGE ROAD,RINGSEND,DUBLIN 4,Dublin,Catholic,Y,119,0,119,318248,234019,-6.22435,53.3432,03917V
SCOIL AN CROI NAOFA,GLASNEVIN,DUBLIN 11,,Dublin,Catholic,N,453,0,453,314874,238474,-6.27337,53.3839,04992R
PRESENTATION PRIMARY SCHOOL,GEORGES HILL,DUBLIN 7,,Dublin,Catholic,Y,50,126,176,315140,234486,-6.27083,53.3481,05933G
GOLDENBRIDGE CONVENT,GOLDENBRIDGE,INCHICORE,DUBLIN 8,Dublin,Catholic,Y,138,129,267,312021,233117,-6.31813,53.3364,07546J
ST JOSEPHS BOYS N S,TERENURE,DUBLIN 6,,Dublin,Catholic,N,480,0,480,314560,230169,-6.28109,53.3094,09750S
STANHOPE ST CONVENT,STANHOPE STREET,DUBLIN 7,,Dublin,Catholic,Y,85,261,346,314534,234953,-6.27975,53.3524,09932B
CHAPELIZOD N S,CHAPELIZOD,DUBLIN 20,,Dublin,CHURCH OF IRELAND,N,17,13,30,310279,234590,-6.34376,53.35,10653E
ST PATRICKS N SCHOOL,DRUMCONDRA,DUBLIN 9,,Dublin,Catholic,N,484,4,488,315979,236945,-6.25733,53.37,11525A
CITY QUAY BOYS N S,CITY QUAY,DUBLIN 2,,Dublin,Catholic,Y,82,79,161,316509,234332,-6.25033,53.3464,11578V
ST LAURENCE O TOOLE JUNIOR BOYS,SEVILLE PLACE,DUBLIN 1,,Dublin,Catholic,Y,49,0,49,317085,234849,-6.2415,53.3509,11776C
SCOIL MHUIRE,Gilford Road,Sandymount,Dublin 4,Dublin,Catholic,N,0,294,294,319165,232352,-6.21121,53.328,11894I
GARDINER STREET CONVENT,GARDINER STREET,DUBLIN 1,,Dublin,Catholic,Y,116,188,304,315972,235597,-6.25793,53.3579,12448N
KILDARE PLACE  N S,96 UPPER RATHMINES RD,DUBLIN 6,,Dublin,CHURCH OF IRELAND,N,111,110,221,315764,231187,-6.26266,53.3183,12755W
PRESENTATION PRIMARY SCHOOL,BLACKPITTS,DUBLIN 8,,Dublin,Catholic,Y,94,213,307,314871,233071,-6.27538,53.3354,13611D
PRESENTATION PRIMARY SCHOOL,TERENURE,DUBLIN 6W,,Dublin,Catholic,N,0,576,576,314152,230270,-6.28717,53.3104,13612F
HOWTH RD MXD N S,HOWTH RD,CLONTARF,DUBLIN 3,Dublin,PRESBYTERIAN,N,48,50,98,318135,236332,-6.22518,53.364,13815T
ST COLUMBAS N S MXD,NORTH STRAND,DUBLIN 3,,Dublin,CHURCH OF IRELAND,N,39,31,70,317077,235694,-6.2413,53.3585,14463T
ST ENDAS PRIMARY SCHOOL,ST ENDAS PRIMARY SCHOOL,WHITEFRIAR ST,DUBLIN 8,Dublin,Catholic,Y,63,77,140,315470,233609,-6.26619,53.3401,14556D
RATHGAR N S,RATHGAR,DUBLIN 6,,Dublin,METHODIST,N,44,51,95,314989,230671,-6.27447,53.3138,14717B
ZION PARISH PRIMARY SCHOOL,BUSHY PARK ROAD,RATHGAR,DUBLIN 6,Dublin,CHURCH OF IRELAND,N,46,50,96,315056,229992,-6.27372,53.3077,14917J
GLASNEVIN N S,BOTANIC AVENUE,GLASNEVIN,DUBLIN 9,Dublin,CHURCH OF IRELAND,N,30,43,73,315362,237197,-6.2665,53.3724,14980Q
S N SAN VINSEANN CAILIN,NORTH WILLIAM ST,DUBLIN 1,,Dublin,Catholic,Y,0,192,192,316789,235539,-6.24568,53.3572,15056L
ST PATRICKS GIRLS NS,CAMBRIDGE ROAD,DUBLIN 4,,Dublin,Catholic,Y,0,164,164,318226,234008,-6.22468,53.3431,15253N
SANDFORD N S,RANELAGH,DUBLIN 6,,Dublin,CHURCH OF IRELAND,N,133,103,236,316788,231473,-6.2472,53.3206,15618E
ST PATRICKS NS,CHAPELIZOD VILLAGE,CHAPELIZOD,DUBLIN 20,Dublin,Catholic,N,125,102,227,310373,234403,-6.34241,53.3483,15622S
ST CATHERINES WEST N S,DONORE AVENUE,SOUTH CIRCULAR ROAD,DUBLIN 8,Dublin,CHURCH OF IRELAND,N,83,78,161,314419,232776,-6.28226,53.3329,15625B
ST VINCENTS INF BOYS,NORTH WILLIAM STREET,DUBLIN 1,,Dublin,Catholic,Y,116,0,116,316776,235501,-6.24589,53.3568,15816I
DRUMCONDRA N S,CHURCH AVENUE,DRUMCONDRA,DUBLIN 9,Dublin,CHURCH OF IRELAND,N,30,31,61,316564,236854,-6.24858,53.369,15895H
Star of the Sea,SANDYMOUNT,DUBLIN 4,,Dublin,Catholic,N,375,0,375,318747,233217,-6.21716,53.3359,15995L
LINDSAY ROAD N S,LINDSAY ROAD,GLASNEVIN,DUBLIN 9,Dublin,PRESBYTERIAN,N,53,46,99,315563,236344,-6.2638,53.3647,16177F
ST BRIGIDS CONVENT N S,HADDINGTON ROAD,DUBLIN 4,104,Dublin,Catholic,Y,69,239,308,317254,232979,-6.23965,53.3341,16567S
ST BRIGIDS CONVENT,GLASNEVIN,DUBLIN 11,111,Dublin,Catholic,N,0,468,468,314809,237658,-6.27464,53.3766,16577V
ST CLARES CONVENT N S,HAROLDS CROSS ROAD,DUBLIN 6W,126,Dublin,Catholic,N,188,139,327,314938,232059,-6.27474,53.3263,16651H
ST COLUMBAS CON G & I,IONA ROAD,GLASNEVIN,DUBLIN 9,Dublin,Catholic,N,2,389,391,315641,236554,-6.26255,53.3665,16659A
SCOIL NA MBRATHAR,NORTH BRUNSWICK STREET,DUBLIN 7,107,Dublin,Catholic,Y,174,0,174,314803,234723,-6.2758,53.3503,16695E
ST VINCENT DE PAULS GIRLS SCHOOL,GRIFFITH AVENUE,DUBLIN 9,103,Dublin,Catholic,N,0,294,294,317855,236964,-6.22915,53.3697,16753P
ST VINCENTS CONVENT INF N S,67 GRIFFITH AVENUE,DUBLIN 9,109,Dublin,Catholic,N,191,199,390,317835,236976,-6.22945,53.3698,16754R
S N MHUIRE NA MBRATHAR,MARINO,DUBLIN 9,109,Dublin,Catholic,N,297,0,297,317698,237047,-6.23148,53.3705,16759E
ST BRIGIDS PRIMARY SCHOOL,THE COOMBE,DUBLIN 8,108,Dublin,Catholic,Y,65,180,245,314956,233419,-6.27397,53.3385,16786H
ST BRIGIDS CONVENT N S,KILLESTER,DUBLIN 5,105,Dublin,Catholic,N,0,431,431,319455,237963,-6.20474,53.3783,16792C
CORPUS CHRISTI N S,HOME FARM ROAD,DRUMCONDRA,DUBLIN 9,Dublin,Catholic,N,0,421,421,316021,237464,-6.25651,53.3746,16860Q
SCOIL MHUIRE OGH 1,LORETO COLLEGE,CRUMLIN RD,DUBLIN 12,Dublin,Catholic,Y,0,152,152,313586,232322,-6.29493,53.329,16964F
SCOIL NAISIUNTA STRATFORD,1 ZION ROAD,RATHGAR,DUBLIN 6,Dublin,JEWISH,N,59,52,111,315039,230179,-6.2739,53.3094,16966J
CHRIST THE KING B N S,CABRA,DUBLIN 7,107,Dublin,Catholic,Y,83,0,83,314203,236165,-6.28428,53.3633,16988T
CHRIST THE KING G N S,CABRA,DUBLIN 7,107,Dublin,Catholic,Y,0,94,94,314162,236173,-6.2849,53.3634,16989V
S N MUIRE GAN SMAL B,INCHICORE,DUBLIN 8,108,Dublin,Catholic,Y,181,142,323,311618,233214,-6.32414,53.3374,17083B
ST FRANCIS JUNIOR NATIONAL SCHOOL,PRIORSWOOD,DUBLIN 17,117,Dublin,Catholic,Y,85,86,171,319437,240741,-6.20396,53.4033,17104G
NAOMH LORCAN O TUATHAIL,PLAS SEIBHIL,BAILE ATHA CLIATH 1,101,Dublin,Catholic,Y,73,0,73,316992,235069,-6.24281,53.3529,17110B
S N EOIN BAISDE G SEN,SEAFIELD ROAD,CLONTARF,DUBLIN 3,Dublin,Catholic,N,0,424,424,320045,236315,-6.19651,53.3634,17148D
CLOCHAR LUGHAIDH CAILIN,WILLIAMS PARK,RATHMINES,DUBLIN 6,Dublin,Catholic,N,185,185,370,315418,231843,-6.26761,53.3243,17210F
CLOCHAR LUGHAIDH NAOIDH,WILLIAMS PARK,RATHMINES,DUBLIN 6,Dublin,Catholic,N,159,151,310,315483,231860,-6.26663,53.3244,17211H
St. Vincent's Primary School,Christian Brothers,Glasnevin,Dublin 11,Dublin,Catholic,N,314,0,314,314874,236635,-6.27404,53.3674,17214N
SCOIL MUIRE,HADDINGTON ROAD,DUBLIN 4,,Dublin,Catholic,Y,164,0,164,317228,232976,-6.24004,53.334,17279S
SCOIL AN LEINBH IOSA B,LARKHILL,WHITEHALL,DUBLIN 9,Dublin,Catholic,N,208,0,208,316750,238593,-6.24514,53.3846,17318C
MUIRE NA DEA COIRLE G,MOURNE ROAD,DRIMNAGH,DUBLIN 12,Dublin,Catholic,Y,8,129,137,312081,232390,-6.31748,53.3299,17355I
MUIRE NA DEA COIRLE INF,MOURNE ROAD,DUBLIN 12,112,Dublin,Catholic,Y,79,70,149,312183,232437,-6.31594,53.3303,17356K
SCOIL MHUIRE GNS,NAVAN ROAD,DUBLIN 7,107,Dublin,Catholic,N,0,430,430,312624,237025,-6.30769,53.3714,17367P
CHRIST THE KING I G,CABRA,DUBLIN 7,107,Dublin,Catholic,Y,0,57,57,314115,236166,-6.28561,53.3634,17459U
"FIONNBARRA NAOFA B.N.S.,",Kilkieran Road,Cabra West,Dublin 7,Dublin,Catholic,Y,135,0,135,313369,236761,-6.29659,53.3689,17464N
DOMINICAN CONVENT GIRLS,CABRA,DUBLIN 7,107,Dublin,Catholic,Y,0,155,155,312687,236844,-6.30681,53.3698,17465P
ST CATHERINES INFANT SCHOOL,CABRA,DUBLIN 7,107,Dublin,Catholic,Y,47,135,182,312726,236881,-6.30621,53.3701,17466R
SCOIL IOSAGAIN,AUGHAVANNAGH ROAD,CRUMLIN,DUBLIN 12,Dublin,Catholic,Y,101,0,101,314154,232427,-6.28637,53.3298,17603B
MUIRE OG 2 LORETO CON,CRUMLIN ROAD,DUBLIN 12,112,Dublin,Catholic,Y,68,147,215,313545,232429,-6.2955,53.3299,17683C
S N NA LANAI GLASA,SEAFIELD AVENUE,CLONTARF,DUBLIN 3,Dublin,CHURCH OF IRELAND,N,131,113,244,320574,236524,-6.18848,53.3652,17730I
SCOIL CHIARAIN,ASCAL UI CHOILEAIN,DOMHNACH CAIRNE,BAILE ATHA CLIATH 5,Dublin,Catholic,Y,118,0,118,318858,237437,-6.21391,53.3737,17732M
SCOIL UI CHONAILL,NTH RICHMOND STREET,DUBLIN 1,101,Dublin,Catholic,Y,167,0,167,316484,235643,-6.25023,53.3582,17881G
SCOIL MHUIRE,MOUNT SACKVILLE CONVENT,CHAPELIZOD,DUBLIN 20,Dublin,Catholic,N,0,248,248,309312,235681,-6.3579,53.36,17891J
SANCTA MARIA C B S,SYNGE ST,DUBLIN 8,108,Dublin,Catholic,Y,81,0,81,315483,232829,-6.26628,53.3331,17893N
S N EOIN BOSCO BUACH,NAVAN ROAD,DUBLIN 7,107,Dublin,Catholic,N,361,0,361,312271,236597,-6.31314,53.3676,17912O
S N EOIN BAISDE B SIN,SEAFIELD RD,CLONTARF,DUBLIN 3,Dublin,Catholic,N,326,0,326,319915,236331,-6.19845,53.3636,17936F
SCOIL ASSAIM B,RAHENY,DUBLIN 5,105,Dublin,Catholic,N,272,0,272,321376,238002,-6.17587,53.3783,17976R
SCOIL AINE C,RAHENY,DUBLIN 5,105,Dublin,Catholic,N,0,319,319,321340,237986,-6.17642,53.3781,17977T
NAISCOIL IDE,ALL SAINTS DRIVE,RAHENY,DUBLIN 5,Dublin,Catholic,N,163,231,394,321280,237936,-6.17734,53.3777,17978V
S N NAOMH FEARGAL,FINGLAS WEST,DUBLIN 11,,Dublin,Catholic,Y,105,0,105,312705,238805,-6.30584,53.3874,18137D
SN MUIRE NA FREASTOGALA,SIURACHA NA CARTHANACHR,BAILE UAILCIN,BAILE ATHA CLIATH 12,Dublin,Catholic,N,0,190,190,311189,231564,-6.33116,53.3227,18170B
OUR LADY ASSUMPTION BNS,SIURACHA NA CARTHANACHA,BAILE UAILCIN,BAILE ATHA CLIATH 12,Dublin,Catholic,N,236,0,236,311176,231600,-6.33134,53.323,18171D
S N AN PHAROISTE,FINGLAS,DUBLIN 11,,Dublin,CHURCH OF IRELAND,N,32,33,65,312922,238893,-6.30255,53.3881,18205R
SN PAROISTE MAITIU NFA,CRANFIELD PLACE,SANDYMOUNT,DUBLIN 4,Dublin,CHURCH OF IRELAND,N,106,101,207,318542,233348,-6.22019,53.3371,18282M
SCOIL BHREANDAIN,COOLOCK,DUBLIN 5,,Dublin,Catholic,Y,159,0,159,320073,238615,-6.19521,53.3841,18360G
S N CAITRIONA C,COOLOCK,DUBLIN 5,,Dublin,Catholic,Y,0,184,184,319941,238691,-6.19717,53.3848,18361I
S N CAITRIONA NAIONAIN,COOLOCK,DUBLIN 5,,Dublin,Catholic,Y,94,129,223,319972,238709,-6.1967,53.3849,18362K
MARIST NATIONAL SCHOOL,CLOGHER ROAD,CRUMLIN,DUBLIN 12,Dublin,Catholic,Y,87,220,307,313769,231977,-6.2923,53.3258,18386B
OUR LADY OF ASSUMPTION,SIURACHA NA CARTHANACHA,BAILE UAILCIN,BAILE ATHA CLIATH 12,Dublin,Catholic,N,0,238,238,311143,231629,-6.33183,53.3233,18455R
SCOIL NA MBRATHAR,FRANCIS STREET,DUBLIN 8,,Dublin,Catholic,Y,130,0,130,315044,233719,-6.27254,53.3412,18477E
SN BANRION NA NAINGEAL1,BALLYFERMOT,DUBLIN 10,,Dublin,Catholic,Y,128,0,128,309193,234137,-6.36022,53.3462,18585H
S N EOIN BOSCO NAI BUAC,NAVAN RD,DUBLIN 7,,Dublin,Catholic,N,257,0,257,312248,236650,-6.31347,53.3681,18632N
SPRINGDALE N S,SPRINGDALE NS,LOUGH DERG RD,RAHENY,Dublin,CHURCH OF IRELAND,N,106,78,184,321186,238421,-6.17857,53.3821,18646B
ST CANICES B N S,FINGLAS,DUBLIN 11,,Dublin,Catholic,Y,431,0,431,313682,239008,-6.29108,53.389,18682F
ST CANICES G N S,FINGLAS,DUBLIN 11,,Dublin,Catholic,Y,0,418,418,313367,239027,-6.29581,53.3892,18683H
S N SEOSAMH NA MBRATHAR,FAIRVIEW,DUBLIN 3,,Dublin,Catholic,Y,167,0,167,317635,236284,-6.23271,53.3637,18726W
S N BRIGHDE,CULLENSWOOD HOUSE,BR FEADHA CUILINN,RAGHNALLACH,Dublin,Catholic,N,198,231,429,316181,231568,-6.25627,53.3216,18817C
BAINRION NA N-AINGAL 2,BALLYFERMOT UPPER,DUBLIN 10,,Dublin,Catholic,Y,101,0,101,309148,234143,-6.36089,53.3463,18843D
BANTIARNA NA MBUANNA B,BAILE MUNNA,DUBLIN 9,,Dublin,Catholic,Y,185,0,185,315345,238989,-6.26611,53.3885,18910P
BANTIARNA NA MBUANNA G,BAILE MUNNA,DUBLIN 9,,Dublin,Catholic,Y,0,155,155,315264,239027,-6.26731,53.3888,18911R
ST MALACHYS B N S,EDENMORE,RAHENY,DUBLIN 5,Dublin,Catholic,Y,217,0,217,321101,239074,-6.17959,53.3879,18968A
ST EITHNES SENIOR G N S,EDENMORE,RAHENY,DUBLIN 5,Dublin,Catholic,Y,0,135,135,321083,239222,-6.17981,53.3893,18969C
EOIN BAISDE B SOIS,SEAFIELD RD,CLONTARF,DUBLIN 3,Dublin,Catholic,N,327,0,327,320068,236294,-6.19617,53.3632,19006Q
EOIN BAISDE C NAOIDH,SEAFIELD ROAD,CLONTARF,DUBLIN 3,Dublin,Catholic,N,0,259,259,319916,236314,-6.19844,53.3634,19007S
ST JOSEPHS G N S,BARRY AVENUE,FINGLAS WEST,DUBLIN 11,Dublin,Catholic,Y,0,196,196,312515,239736,-6.30836,53.3958,19015R
ST MONICAS N S,EDENMORE,RAHENY,DUBLIN 5,Dublin,Catholic,Y,0,65,65,321096,239206,-6.17962,53.3891,19037E
ST KEVINS B N S,BARRY AVENUE,FINGLAS NORTH-WEST,DUBLIN 11,Dublin,Catholic,Y,173,0,173,312480,239642,-6.30892,53.3949,19197D
HOLY SPIRIT B N S,SILLOGE RD,BAILE MUNNA,ATHA CLIATH 11,Dublin,Catholic,Y,338,0,338,315137,239790,-6.26894,53.3957,19208F
SN AN SPIORAID NAIOMH C,SILLOGUE RD,BALLYMUN,DUBLIN 11,Dublin,Catholic,Y,0,273,273,315058,239755,-6.27014,53.3954,19209H
OUR LADY OF VICTORIES INFANT N S,BALLYMUN ROAD,DUBLIN 9,,Dublin,Catholic,Y,122,124,246,315376,238991,-6.26564,53.3885,19242F
CROMCASTLE GREEN B N S,KILMORE RD WEST,ARTANE,DUBLIN 5,Dublin,Catholic,Y,218,0,218,318461,239785,-6.21899,53.3949,19297H
SCOIL NAIS IDE CAILINI,KILMORE ROAD WEST,ARTANE,DUBLIN 5,Dublin,Catholic,Y,0,185,185,318459,239752,-6.21903,53.3946,19298J
SN NA MAIGHDINE MUIRE B,BALLYMUN,DUBLIN 9,,Dublin,Catholic,Y,131,0,131,315766,239780,-6.25949,53.3955,19302U
NA MAIGHDINE MHUIRE,SHANGAN ROAD,BALLYMUN,DUBLIN 9,Dublin,Catholic,Y,0,127,127,315727,239787,-6.26007,53.3955,19303W
ST BRIGIDS BOYS N S,HOWTH ROAD,KILLESTER,DUBLIN 5,Dublin,Catholic,N,387,0,387,320151,237562,-6.19444,53.3746,19308J
SCOIL NEASAIN,BAILE HARMAIN,BAILE ATH CLIATH 5,,Dublin,Catholic,N,126,125,251,320063,238374,-6.19545,53.3819,19309L
SCOIL MOBHI,BOTHAR MOBHI,GLASNAOIN,BAILE ATHA CLIATH 9,Dublin,Catholic,N,124,135,259,315643,237299,-6.26225,53.3732,19395H
HOLY TRINITY SEN N S,GRANGE ROAD,DONAGHMEDE,DUBLIN 13,Dublin,Catholic,N,179,149,328,322403,240121,-6.15963,53.397,19406J
SCOIL AN TSEACHTAR LAOCH,BALLYMUN ROAD,DUBLIN 11,,Dublin,Catholic,Y,106,104,210,315485,239434,-6.26384,53.3924,19430G
ST JOSEPHS JNR,BALCURRIS,BALLYMUN,DUBLIN 11,Dublin,Catholic,Y,73,71,144,315088,240365,-6.26947,53.4009,19431I
DARNDALE NS JUNIOR,OUR LADY IMMAC JUN NS,DARNDALE,MALAHIDE ROAD,Dublin,Catholic,Y,113,95,208,320207,240517,-6.19248,53.4011,19454U
ST PAULS JUNIOR NATIONAL SCHOOL,AYRFIELD,MALAHIDE RD,DUBLIN 13,Dublin,Catholic,N,131,102,233,320878,239824,-6.18266,53.3947,19471U
SCOIL BHRIDE,DONAGHMEDE,DUBLIN 13,,Dublin,Catholic,N,175,168,343,322370,240109,-6.16013,53.3969,19473B
ST PATRICKS,ST PATRICKS CLOSE,DUBLIN 8,,Dublin,CHURCH OF IRELAND,N,20,9,29,315163,233464,-6.27085,53.3389,19480V
SN NAOMH FINNIN,GLENTIES PARK,RIVERMOUNT,FINGLAS SOUTH,Dublin,Catholic,Y,149,79,228,312370,238017,-6.31115,53.3804,19489Q
SCOIL FHIACHRA SOISIR,BEAUMONT,DUBLIN 5,,Dublin,Catholic,N,358,328,686,318038,238890,-6.22568,53.387,19496N
OUR LADY IMMAC SEN N S,OUR LADY IMMAC SEN NS,DARNDALE,DUBLIN 17,Dublin,Catholic,Y,133,105,238,320208,240569,-6.19244,53.4016,19524P
ST KEVINS JUNIOR N S,NEWBROOK AVE,DONAGHMEDE,DUBLIN 13,Dublin,Catholic,N,53,50,103,322589,240047,-6.15686,53.3963,19538D
ST OLIVER PLUNKETT N S,ST OLIVER PLUNKETT NS,ST HELENAS DRIVE,FINGLAS,Dublin,Catholic,Y,91,57,148,313187,238175,-6.29882,53.3816,19546C
ST JOSEPHS SENIOR N S,ST JOSEPHS SENIOR NS,BALCURRIS,BALLYMUN,Dublin,Catholic,Y,59,70,129,314989,240391,-6.27094,53.4011,19583I
GAELSCOIL INSE CHOR,DROICHEAD NA HINSE,BAILE ATHA CLIATH 8,,Dublin,Catholic,N,134,102,236,312485,233948,-6.31087,53.3438,19589U
SCOIL NAOMH COLMCILLE,NEWBROOK RD,DONAGHMEDE,DUBLIN 13,Dublin,Catholic,N,84,49,133,322491,240071,-6.15832,53.3966,19611K
ST PAULS SEN NS,AYRFIELD,MALAHIDE RD,DUBLIN 13,Dublin,Catholic,N,121,112,233,320869,239856,-6.18278,53.395,19618B
ST MALACHYS NS,RIVERMOUNT,FINGLAS,DUBLIN 11,Dublin,Catholic,Y,75,60,135,313184,238235,-6.29885,53.3822,19619D
ST FIACHRAS SEN N S,BEAUMONT,MONTROSE,DUBLIN 5,Dublin,Catholic,N,312,307,619,318186,238945,-6.22344,53.3874,19628E
ST GABRIELS NS,DOMINICAN CAMPUS,BALLYFERMOT,DUBLIN 10,Dublin,Catholic,Y,67,143,210,310125,233774,-6.34635,53.3427,19661C
ST MICHAELS NS,DOMINICAN CONVENT,BALLYFERMOT,DUBLIN 10,Dublin,Catholic,Y,73,206,279,310073,233818,-6.34712,53.3431,19662E
ST RAPHAELS NS,DOMINICAN CONVENT,BALLYFERMOT,DUBLIN 10,Dublin,Catholic,Y,63,165,228,310097,233797,-6.34677,53.3429,19663G
ST FRANCIS SENIOR N S,PRIORSWOOD,DUBLIN 17,,Dublin,Catholic,Y,110,84,194,319371,240773,-6.20494,53.4036,19668Q
LADY OF GOOD COUNSEL NS,MOURNE RD,DRIMNAGH,DUBLIN 12,Dublin,Catholic,Y,167,0,167,312148,232374,-6.31649,53.3297,19669S
ST MARYS CENTRAL N S,BELMONT AVENUE,DONNYBROOK,DUBLIN 4,Dublin,Catholic,N,113,137,250,317403,231509,-6.23796,53.3208,19727G
OUR LADY OF WAYSIDE N S,BLUEBELL,INCHICORE,DUBLIN 12,Dublin,Catholic,Y,62,60,122,310782,232489,-6.33694,53.3311,19764M
ST JOSEPHS MXD N S,EAST WALL,DUBLIN 3,,Dublin,Catholic,Y,85,85,170,317986,235235,-6.22783,53.3542,19774P
GAELSCOIL MIDE,BOTHAR AN GHLEANTAIN,GHLAIS CILL BHARROG,BAILE ATHA CLIATH 5,Dublin,Catholic,N,120,116,236,322949,238825,-6.15193,53.3853,19777V
SCOIL CHAOIMHIN,SRAID MHAOILBHRIDE,BAILE ATHA CLIATH 1,,Dublin,Catholic,Y,20,26,46,316070,234842,-6.25673,53.3511,19831B
DRIMNAGH CASTLE CBS N S,DRIMNAGH CASTLE,DUBLIN 12,,Dublin,Catholic,N,444,0,444,311265,231728,-6.32996,53.3241,19837N
NORTH DUBLIN NS PROJECT,BALLYMUN ROAD,DUBLIN 9,,Dublin,MULTI DENOMINATIONAL,N,121,107,228,315282,238234,-6.26733,53.3817,19845M
SCOIL COLM,ARMAGH ROAD,CRUMLIN,DUBLIN 12,Dublin,Catholic,Y,119,0,119,312837,231349,-6.30651,53.3204,19889J
SCOIL CAITRIONA NA MBRAITHRE,BAGGOT ST,DUBLIN 2,,Dublin,Catholic,Y,49,42,91,316902,233182,-6.24486,53.336,19896G
GAELSCOIL MOLOGA,BOTHAR CHLAREVILLE,BAILE ATHA CLIATH 6W,,Dublin,Catholic,N,107,109,216,314319,231020,-6.2844,53.3171,19907I
ST JOSEPHS NS,MACROOM ROAD,BONNYBROOK,DUBLIN 17,Dublin,Catholic,Y,172,163,335,319566,240142,-6.20225,53.3979,19913D
ST DAVIDS N S,KILMORE ROAD,ARTANE,DUBLIN 5,Dublin,Catholic,N,329,0,329,318668,238750,-6.21627,53.3856,19919P
ST JOHN OF GOD N S,KILMORE ROAD,ARTANE,DUBLIN 5,Dublin,Catholic,Y,0,178,178,318652,239177,-6.21635,53.3894,19920A
HAROLDS CROSS N S,HAROLDS CROSS,DUBLIN 6W,,Dublin,Catholic,Y,155,116,271,314293,231021,-6.28479,53.3171,19924I
GAELSCOIL CHOLAISTE MHUIRE,4 CEARNOG PHARNELL,B.A.C. 1,,Dublin,Catholic,N,94,98,192,315771,235090,-6.26113,53.3534,19926M
RANELAGH MULTI DENOM NS,RANELAGH ROAD,DUBLIN 6,,Dublin,MULTI DENOMINATIONAL,N,124,112,236,316137,232116,-6.25673,53.3266,19928Q
ST BRIGIDS SENIOR GIRLS,FINGLAS WEST,DUBLIN 11,,Dublin,Catholic,Y,11,167,178,312487,238651,-6.30917,53.386,19929S
SCOIL TREASA NAOFA,PETRIE ROAD,DONORE AVENUE,DUBLIN 8,Dublin,Catholic,Y,85,63,148,314673,232934,-6.2784,53.3342,19933J
SCOIL EOIN,GREENDALE ROAD,DUBLIN 5,,Dublin,Catholic,Y,109,96,205,322667,238984,-6.1561,53.3868,19935N
RUTLAND STREET N S,LOWER RUTLAND STREET,DUBLIN 1,,Dublin,Catholic,Y,66,64,130,316406,235196,-6.25156,53.3542,19946S
NORTH BAY EDUCATE TOGETHER NS,GREENDALE AVENUE,KILBARRACK,DUBLIN 5,Dublin,MULTI DENOMINATIONAL,N,98,110,208,322972,238805,-6.15159,53.3851,19954R
ST MARYS N S,WINDSOR AVE,FAIRVIEW,DUBLIN 3,Dublin,Catholic,Y,56,165,221,317327,236307,-6.23732,53.3639,19981U
GRIFFITH BARRACKS MULTI D SCHOOL,THE OLD GUARDHOUSE,GRIFFITH COLLEGE,SOUTH CIRCULAR ROAD,Dublin,MULTI DENOMINATIONAL,N,122,120,242,314643,232558,-6.27898,53.3309,20012S
ST AGNES N S,ARMAGH ROAD,CRUMLIN,DUBLIN 12,Dublin,Catholic,Y,80,193,273,312854,231206,-6.30631,53.3191,20014W
GAELSCOIL BHAILE MUNNA,187 BOTHAR CHOULTRAI,BAILE MUNNA,BAILE ATHA CLIATH 9,Dublin,Catholic,Y,88,98,186,316066,240047,-6.25488,53.3978,20015B
ST BRIGIDS INFANT N S,WELLMOUNT AVENUE,FINGLAS WEST,DUBLIN 11,Dublin,Catholic,Y,98,107,205,312540,238682,-6.30836,53.3863,20029M
ST GABRIELS N S,COWPER STREET,DUBLIN 7,,Dublin,Catholic,Y,84,59,143,313868,235074,-6.28971,53.3536,20035H
GAELSCOIL BHARRA,NAOMH FIONNBARRA C.L.G.,ASCAL AN FHASAIGH,AN CHABRACH,Dublin,Catholic,N,101,109,210,313920,236282,-6.28849,53.3645,20047O
GAELSCOIL LIOS NA NOG,�ras Cullenswood,21A B�thar Oalkey,Ranallagh,Dublin,Catholic,N,99,139,238,316210,231601,-6.25582,53.3219,20048Q
GAELSCOIL CHOLMCILLE,L�na na C�l�ige,Baile �tha Cliath 17,,Dublin,Catholic,N,102,128,230,317751,239862,-6.22963,53.3958,20052H
MOTHER OF DIVINE GRACE,HOLY FAITH NS,FERNDALE AVE,BALLYGALL,Dublin,Catholic,Y,228,222,450,313995,238693,-6.2865,53.3861,20059V
OUR LADY OF CONSOLATION NS,COLLINS AVE EAST,DONNYCARNEY,DUBLIN 5,Dublin,Catholic,Y,91,153,244,318725,237478,-6.21589,53.3741,20064O
ST PETERS NS,PHIBSBORO,DUBLIN 7,,Dublin,Catholic,Y,240,216,456,314786,235976,-6.2756,53.3615,20091R
ST ULTANS NS,CHERRY ORCHARD,DUBLIN 10,,Dublin,Catholic,Y,226,180,406,308371,233046,-6.37293,53.3366,20092T
JOHN SCOTTUS NS,NORTHUMBERLAND ROAD,DUBLIN 4,,Dublin,MULTI DENOMINATIONAL,N,114,138,252,317473,232998,-6.23636,53.3342,20103V
ST AUDOENS NS,COOK STREET,DUBLIN 8,,Dublin,Catholic,Y,98,87,185,314979,234040,-6.2734,53.3441,20104A
EDUCATE TOGETHER NS,Fitzwilliam Place North,Grangegorman Lower,Dublin 7,Dublin,MULTI DENOMINATIONAL,N,204,176,380,314215,235242,-6.28444,53.3551,20131D
INCHICORE NS,SARSFIELD ROAD,INCHICORE,DUBLIN 10,Dublin,Catholic,Y,114,105,219,311941,233641,-6.31914,53.3412,20139T
NORTH DUBLIN MUSLIM NS PROJECT,Ratoath Road,Cabra,Dublin 7,Dublin,MUSLIM,N,109,119,228,313104,236142,-6.30079,53.3634,20152L
GLASNEVIN EDUCATE TOGETHER NS,CHURCH AVENUE,GLASNEVIN,DUBLIN 9,Dublin,MULTI DENOMINATIONAL,N,121,109,230,315251,237633,-6.26801,53.3763,20168D
GAELSCOIL UI EARCAIN,Bothar Glas an Ein,Fionnghlas,,Dublin,Catholic,Y,119,116,235,312405,239108,-6.31024,53.3902,20220C
ST LAURENCE O TOOLES GIRLS SCHOOL,49 SEVILLE PLACE,NORTH WALL,DUBLIN 1,Dublin,Catholic,Y,0,86,86,316998,235082,-6.24271,53.353,20228S
St Benedicts and St Marys National School,Grange Park,Raheny,Dublin 5,Dublin,Catholic,Y,74,75,149,322183,239127,-6.16332,53.3882,20281W
St. Francis of Assisi National School,Belmayne,Dublin 13,,Dublin,Catholic,N,149,157,306,322057,241379,-6.16434,53.4084,20304I
Belmayne Educate Together National School,Balgriffin Park,Belmayne,Dublin 13,Dublin,MULTI DENOMINATIONAL,Y,141,154,295,321979,241340,-6.16553,53.4081,20308Q
Holy Child National School,Larkhill Road,Whitehall,Dublin 9-,Dublin,Catholic,N,125,301,426,316813,238717,-6.24415,53.3857,20338C
De La Salle National School,Ballyfermot,Dublin 10,,Dublin,Catholic,Y,279,0,279,309664.93,233985.5,-6.35318,53.3447,20391G
St Louise de Marillac Primary School,Drumfinn Road,Ballyfermot,Co Dublin,Dublin,Catholic,Y,40,314,354,309296,234336,-6.3586,53.348,20397S
ST. JAMES'S PRIMARY SCHOOL,Basin Lane,James' Street,Dublin 8.,Dublin,Catholic,Y,130,113,243,313934.26,233612.25,-6.28924,53.3405,20429F
Portobello Educate Together School,16 Harcourt Terrace,Dublin 2,,Dublin,MULTI DENOMINATIONAL,N,19,22,41,316136.12,232673.44,-6.25654,53.3316,20430N
St Mary's Primary School,Dorset Street,Dublin 7,,Dublin,Catholic,Y,85,89,174,315626.12,235656.37,-6.2631,53.3585,20436C
St Laurence's National School,Brookstone Road,Baldoyle,Dublin 13,Dublin,Catholic,N,199,196,395,324221.45,240103.51,-6.13231,53.3965,20437E
St. Mary's National School,Lamb's Cross,Sandyford,Dublin 18,Dublin,Catholic,N,113,144,257,318189,225198,-6.22852,53.264,02872U
CLOCHAR SAN DOMINIC,DUNLAOGHAIRE,CO DUBLIN,,Dublin,Catholic,Y,84,76,160,324207,228468,-6.13709,53.292,05600C
BOOTERSTOWN BOYS,BOOTERSTOWN,BLACKROCK,CO DUBLIN,Dublin,Catholic,N,248,0,248,320102,230229,-6.19796,53.3087,06200O
ALL SAINTS N S,CARYSFORT AVE,BLACKROCK,CO DUBLIN,Dublin,CHURCH OF IRELAND,N,35,26,61,321361,228079,-6.1799,53.2891,10494K
RATHMICHAEL N S,RATHMICHAEL,SHANKILL,CO DUBLIN,Dublin,CHURCH OF IRELAND,N,109,116,225,325061,222248,-6.12673,53.2359,11873A
CARYSFORT NS,CONVENT ROAD,BLACKROCK,CO DUBLIN,Dublin,Catholic,N,259,265,524,321194,228936,-6.18208,53.2969,14586M
DALKEY N S (2),DALKEY,CO DUBLIN,,Dublin,CHURCH OF IRELAND,N,49,50,99,326575,227347,-6.10204,53.2813,14647G
HAROLD BOYS N S,DALKEY,CO DUBLIN,,Dublin,Catholic,N,121,0,121,326540,226992,-6.10271,53.2782,15132B
TANEY N S,SYDENHAM VILLAS,DUNDRUM,DUBLIN 14,Dublin,CHURCH OF IRELAND,N,246,197,443,317536,227909,-6.2373,53.2885,15284B
ST BRIGIDS BOYS N S,FOXROCK,DUBLIN 18,118,Dublin,Catholic,N,489,0,489,322194,225819,-6.16828,53.2686,16352U
ST BRIGIDS GIRLS N S,The Park,Cabinteely,Dublin 18,Dublin,Catholic,N,0,548,548,322186,225849,-6.16839,53.2689,16353W
KILTERNAN CHURCH OF IRELAND NS,KILTERNAN,CO DUBLIN,118,Dublin,CHURCH OF IRELAND,N,113,113,226,320205,222862,-6.1992,53.2425,16629O
ST BRIGIDS N S,MERVILLE  RD,STILLORGAN,BLACKROCK.  CO. DUBLIN,Dublin,CHURCH OF IRELAND,N,46,50,96,320317,227601,-6.19573,53.2851,16794G
S N NAOMH LORCAN,STILLORGAN,KILMACUD,CO DUBLIN,Dublin,Catholic,N,457,0,457,319613,227941,-6.20615,53.2883,16893I
ST RAPHAELAS N S,UPPER KILMACUD ROAD,STILLORGAN,CO DUBLIN,Dublin,Catholic,N,0,396,396,319776,227204,-6.20399,53.2816,17470I
S N PADRAIG NAOFA,GLEANN CUILLIN,CILLTIGHEARNAIN,CO ATHA CLIATH,Dublin,Catholic,N,84,100,184,319116,220556,-6.21636,53.2221,17507F
SCOIL CAOIMHIN NAOFA,MOUNT MERRION,BLACKROCK,CO DUBLIN,Dublin,Catholic,N,304,126,430,319730,228238,-6.20429,53.2909,17954H
OUR LADY OF MERCY CONVENT SCHOOL,ROSEMOUNT TERRACE,BOOTERSTOWN,CO. DUBLIN,Dublin,Catholic,N,0,219,219,320015,229822,-6.19942,53.3051,17970F
S N CNOC AINBHIL,LR KILMACUD RD,STILLORGAN/BLACKROCK,CO DUBLIN.,Dublin,Catholic,N,0,464,464,318903,227998,-6.21677,53.289,17979A
SCOIL LORCAIN,CEARNOG EATON,BAILE NA MANACH,CO ATHA CLIATH,Dublin,Catholic,N,256,232,488,322413,228914,-6.16381,53.2964,18451J
S N SAN TREASA,THE RISE,MT MERRION,CO DUBLIN,Dublin,Catholic,N,244,200,444,319401,228641,-6.20907,53.2946,18647D
KILTERNAN N S 1,KILTERNAN,CO DUBLIN,,Dublin,Catholic,N,179,150,329,320500,222083,-6.19507,53.2355,18806U
KILL-O'-THE-GRANGE NS,DEANSGRANGE,BLACKROCK,CO DUBLIN,Dublin,CHURCH OF IRELAND,N,114,107,221,322658,226870,-6.16092,53.278,18886V
LORETO NATIONAL SCHOOL,DALKEY,CO DUBLIN,,Dublin,Catholic,N,81,292,373,326689,227211,-6.10039,53.2801,19066L
SCOIL PADRAIG NAOFA B,Hollypark,Blackrock,Co Dublin,Dublin,Catholic,N,606,0,606,321782,227067,-6.17398,53.2799,19258U
ST PATRICKS GNS,FOXROCK AVE,FOXROCK,DUBLIN 18,Dublin,Catholic,N,0,538,538,321748,227004,-6.17451,53.2794,19259W
SCOIL NA MAIGHDINE MHUIRE BOY,BROADFORD RISE,BALINTEER,DUBLIN 16,Dublin,Catholic,N,234,0,234,316256,226378,-6.25704,53.275,19314E
ST OLAFS N S,BALALLY DRIVE,DUNDRUM,DUBLIN 16,Dublin,Catholic,N,233,207,440,318344,227244,-6.22543,53.2823,19319O
OUR LADY OF GOOD COUNSEL BOYS N S,JOHNSTOWN,DUN LAOGHAIRE,CO DUBLIN,Dublin,Catholic,N,438,0,438,324249,225395,-6.13766,53.2644,19320W
OUR LADY GOOD COUNSEL GNS,JOHNSTOWN,DUN LAOGHAIRE,CO DUBLIN,Dublin,Catholic,N,9,446,455,324228,225316,-6.138,53.2636,19321B
SCOIL NA AINGEAL,NEWTOWNPARK AVE,BLACKROCK,CO DUBLIN,Dublin,Catholic,N,218,212,430,321980,228444,-6.17048,53.2923,19335M
Our lady's Grove Primary School,"Goatstown Road,",Dublin 14,,Dublin,Catholic,N,204,228,432,317670,229164,-6.23482,53.2997,19374W
NA MAIGHDINE MUIRE GIRL,BALLINTEER,DUBLIN 16,,Dublin,Catholic,N,0,277,277,316258,226354,-6.25702,53.2748,19396J
SN GLEN NA GCAORACH,WYVERN,KILLINEY RD,KILLINEY,Dublin,CHURCH OF IRELAND,N,123,121,244,325760,225972,-6.1148,53.2692,19400U
SCOIL NAITHI,BAILE AN TSAOIR,DUM DROMA,BAILE ATHA CLIATH 16,Dublin,Catholic,N,123,111,234,316002,227155,-6.26057,53.282,19437U
SCOIL COLMCILLE SENIOR,WYATTVILLE,BALLYBRACK,CO DUBLIN,Dublin,Catholic,Y,98,95,193,324547,224302,-6.13362,53.2545,19438W
SCOIL MHUIRE,SHANKILL,CO DUBLIN,,Dublin,Catholic,Y,170,138,308,325449,222264,-6.12092,53.236,19497P
ST ATTRACTAS JUNIOR N S,MEADOWBROOK,DUNDRUM,DUBLIN 16,Dublin,Catholic,N,170,169,339,316353,227012,-6.25536,53.2807,19537B
DALKEY SCHOOL PROJECT,GLENAGEARY LODGE,GLENAGEARY,CO DUBLIN,Dublin,MULTI DENOMINATIONAL,N,143,95,238,324594,226535,-6.13204,53.2745,19612M
ST COLMCILLE JUN NS,WYATTVILLE,BALLYBRACK,CO DUBLIN,Dublin,Catholic,Y,86,78,164,324540,224255,-6.13375,53.254,19641T
ST ATTRACTAS SENIOR N S,MEADOWBROOK,DUNDRUM,DUBLIN 14,Dublin,Catholic,N,170,160,330,316393,227058,-6.25474,53.2811,19716B
QUEEN OF ANGELS PRIMARY SCHOOL,WEDGEWOOD,DUNDRUM,DUBLIN 16,Dublin,Catholic,Y,127,118,245,318385,226551,-6.22508,53.2761,19723V
HOLY FAMILY SCHOOL,DUNEDIN PARK,MONKSTOWN,CO DUBLIN,Dublin,Catholic,Y,44,64,108,323177,227786,-6.15279,53.2861,19840C
ST ANNES MXD N S,STONEBRIDGE ROAD,SHANKILL,CO DUBLIN,Dublin,Catholic,N,237,241,478,324981,222037,-6.12801,53.234,19888H
BOOTERSTOWN N S,CROSS AVE,BLACKROCK,CO DUBLIN,Dublin,CHURCH OF IRELAND,N,43,54,97,320654,229305,-6.19003,53.3003,19901T
HOLY CROSS N S,UPPER KILMACUD ROAD,DUNDRUM,DUBLIN 14,Dublin,Catholic,N,112,99,211,317329,227882,-6.24041,53.2883,19904C
OUR LADYS N S,ST COLUMBANUS ROAD,MILLTOWN,DUBLIN 14,Dublin,Catholic,Y,96,84,180,316723,229327,-6.24896,53.3014,19922E
ST JOSEPHS,TIVOLI ROAD,DUN LAOGHAIRE,CO DUBLIN,Dublin,Catholic,Y,64,42,106,324094,227850,-6.13902,53.2864,19938T
SCOIL NAISIUNTA AN DEA AOIRE,WHITEHALL ROAD,CHURCHTOWN,DUBLIN 14,Dublin,Catholic,Y,103,77,180,315441,228407,-6.26852,53.2934,19939V
RATHFARNHAM EDUCATE TOGETHER,LORETO AVENUE,RATHFARNHAM,DUBLIN 14,Dublin,MULTI DENOMINATIONAL,N,104,122,226,315103,228199,-6.27366,53.2916,19945Q
ISLAMIC NATIONAL SCHOOL,19 ROEBUCK ROAD,CLONSKEAGH,DUBLIN 14,Dublin,MUSLIM,N,140,149,289,317763,229613,-6.23326,53.3037,19949B
ST JOHNS N S,BALLYBRACK,CO DUBLIN,,Dublin,Catholic,Y,82,74,156,324965,224465,-6.1273,53.2558,19960M
ST KEVINS N S,SALLYNOGGIN,CO DUBLIN,,Dublin,Catholic,Y,69,65,134,324236,226719,-6.13734,53.2762,19979K
GAELSCOIL THAOBH NA COILLE,Beallairm�n,An Ch�im,B.A.C. 18,Dublin,Catholic,N,201,180,381,319145,224703,-6.21438,53.2593,20020R
GAELSCOIL PHADRAIG,ASCAILL SHILEANN,BAILE BREAC,CO ATHA CLIATH,Dublin,Catholic,N,79,67,146,325231,223617,-6.12365,53.2482,20056P
MONKSTOWN EDUCATE TOGETHER NS,Kill Avenue,Dun Laoghaire,Co. Dublin,Dublin,MULTI DENOMINATIONAL,N,196,183,379,323407,227174,-6.14958,53.2805,20060G
THE HAROLD SCHOOL,EDEN ROAD,GLASTHULE,CO DUBLIN,Dublin,Catholic,N,311,319,630,325055,227806,-6.12464,53.2858,20141G
HOLY TRINITY NATIONAL SCHOOL,Glencairn,Leopardstown,Dublin 18,Dublin,Catholic,N,196,154,350,320401,224986,-6.19546,53.2616,20190T
ARCHBISHOP MCQUAID NATIONAL SCHOOL,LOUGHLINSTOWN,DUN LAOGHAIRE,CO DUBLIN.,Dublin,Catholic,Y,65,55,120,325079,223468,-6.12598,53.2469,20218P
Ballinteer Educate Together National School,C/O St Tiernan's Community School,Parkvale,Balally,Dublin,MULTI DENOMINATIONAL,N,33,26,59,317493.78,227163.92,-6.2382,53.2818,20400E
Stepaside Educate Together National School,Kirwin Park,Kiltiernan,,Dublin,MULTI DENOMINATIONAL,N,21,21,42,320269.83,223210.13,-6.1981,53.2456,20401G
Gaelscoil Shliabh Rua,Balloyogan Road,Stepaside,Co. Dublin,Dublin,MULTI DENOMINATIONAL,N,5,3,8,320261.47,223137.42,-6.19825,53.245,20425U
ST BRIGIDS MXD N S,CASTLEKNOCK,DUBLIN 15,,Dublin,Catholic,N,521,426,947,309052,237325,-6.36123,53.3749,00697S
S N NA H-AILLE,THE NAUL,CO DUBLIN,,Dublin,Catholic,N,55,52,107,313601,260123,-6.28467,53.5787,01170G
BALSCADDEN N S,BALSCADDEN,RING COMMONS,CO DUBLIN,Dublin,Catholic,N,118,101,219,317040,264261,-6.23121,53.6151,09492W
BURROWS N S,SUTTON,DUBLIN 13,,Dublin,CHURCH OF IRELAND,N,105,114,219,326433,239560,-6.0993,53.3911,09642P
SCOIL NAOMH MEARNOG,STRAND ROAD,PORTMARNOCK,CO DUBLIN,Dublin,Catholic,N,224,188,412,324034,242941,-6.13401,53.422,10296G
ST ANDREWS N S,MALAHIDE,CO DUBLIN,,Dublin,CHURCH OF IRELAND,N,138,86,224,322762,245880,-6.15199,53.4487,11583O
SWORDS BOROUGH N S,SWORDS BOROUGH N S,SWORDS,CO DUBLIN,Dublin,CHURCH OF IRELAND,N,59,51,110,318077,246712,-6.22217,53.4572,12358M
HOLMPATRICK N S,HOLMPATRICK,SKERRIES,CO. DUBLIN,Dublin,CHURCH OF IRELAND,N,47,44,91,325393,260511,-6.10656,53.5795,14180H
ST GEORGES N S,ST GEORGES N S,The Naul Road,BALBRIGGAN,Dublin,CHURCH OF IRELAND,N,195,195,390,318808,263320,-6.20487,53.6062,15315J
SCOIL MOIBHI,MILVERTON,SKERRIES,CO DUBLIN,Dublin,Catholic,N,44,51,95,322788,258769,-6.14656,53.5644,15569R
CORDUFF N S,LUSK,CO DUBLIN,,Dublin,Catholic,N,56,55,111,320065,253364,-6.18971,53.5165,15650A
ST PATRICKS BOYS NATIONAL SCHOOL,PORTRANE ROAD,DONABATE,CO. DUBLIN,Dublin,Catholic,N,383,0,383,323744,250811,-6.13528,53.4927,16267G
ST PATRICKS SNR MIXED,SKERRIES,CO DUBLIN,137,Dublin,Catholic,N,171,169,340,325224,260320,-6.10919,53.5778,16332O
ST PATRICKS JNR MIXED,SKERRIES,CO DUBLIN,137,Dublin,Catholic,N,171,173,344,325274,260327,-6.10843,53.5778,16333Q
SCOIL NAOMH LUCAIS,HOLLYWOOD ROAD,TYRELLSTOWN,DUBLIN 15,Dublin,Catholic,N,242,254,496,306947,241687,-6.39138,53.4145,16675V
SCOIL N. BREANDAN,LOUGHSHINNY,SKERRIES,CO DUBLIN,Dublin,Catholic,N,99,117,216,326643,256845,-6.08918,53.5462,16844S
ST MOLAGA SENIOR NS,BREMORE,BALBRIGGAN,CO DUBLIN,Dublin,Catholic,N,239,209,448,319802,264392,-6.18945,53.6156,16970A
S N PEADAR AGUS POL N,BALBRIGGAN,CO DUBLIN,139,Dublin,Catholic,N,253,207,460,319946,263741,-6.18752,53.6097,16972E
S N MUIRE AN SEAN BAILE,SEAN BHAILE,CO DUBLIN,,Dublin,Catholic,N,33,26,59,311567,254017,-6.31754,53.5243,17263D
BAILE FALBACH,LUSK,CO DUBLIN,133,Dublin,Catholic,N,46,46,92,318850,257116,-6.20659,53.5505,17472M
S N MHUIRE,GARRISTOWN,CO DUBLIN,143,Dublin,Catholic,N,125,113,238,307056,258178,-6.38412,53.5626,17559B
BLESSED OLIVER N S,BAILE AN RIDIRE,BAILE BRIGIN,CO ATHA CLIATH,Dublin,Catholic,N,175,167,342,320178,261483,-6.18489,53.5894,17569E
CILL COSCAIN,THE WARD,CO DUBLIN,,Dublin,Catholic,N,53,49,102,309986,247209,-6.34376,53.4634,17595F
SAN NIOCLAS MYRA,KINSEALY,DUBLIN 17,117,Dublin,Catholic,N,75,54,129,321309,242715,-6.17507,53.4206,17785K
BRIGHDE NAOFA,BAILE ROTHLUIS,KILSALLAGHAN,CO DUBLIN,Dublin,Catholic,N,164,123,287,312920,250340,-6.29847,53.4909,17820J
ST OLIVER PLUNKETT,ST OLIVER PLUNKETT NS,GROVE ROAD,MALAHIDE,Dublin,Catholic,N,449,472,921,322916,245607,-6.14978,53.4462,17914S
SN N SAILBHEASTAR NFA,MALAHIDE,CO DUBLIN,123,Dublin,Catholic,N,214,198,412,322067,245928,-6.16243,53.4493,17928G
S N LUSCA,LUSK,CO DUBLIN,133,Dublin,Catholic,N,404,390,794,321539,254788,-6.16694,53.529,17961E
ST MARGARETS N S,ST MARGARETS,CO.DUBLIN.,,Dublin,Catholic,N,48,38,86,313011,243553,-6.29954,53.43,18038B
SCOIL BRIDE B,BLANCHARDSTOWN,DUBLIN 15,,Dublin,Catholic,N,322,0,322,308288,238339,-6.37236,53.3841,18046A
SCOIL BRIDE C,BLANCHARDSTOWN,DUBLIN 15,,Dublin,Catholic,N,0,321,321,308241,238360,-6.37306,53.3843,18047C
SCOIL MHUIRE MXD,TUCKETTS LANE,HOWTH,CO DUBLIN,Dublin,Catholic,N,152,146,298,328539,238849,-6.06794,53.3842,18080A
S N C NAOMH PADRAIG,DONABATE,CO DUBLIN,,Dublin,Catholic,N,0,433,433,323788,250786,-6.13462,53.4925,18412W
SCOIL NAISUNTA CHNUACHA,CASTLEKNOCK,DUBLIN 15,,Dublin,CHURCH OF IRELAND,N,110,107,217,309049,237227,-6.36131,53.374,18623M
S N NAOMH MOCHTA,CLONSILLA,DUBLIN 15,,Dublin,Catholic,N,463,429,892,306174,238030,-6.40423,53.3818,18778S
S N CHOLMILLE B,SWORDS,CO DUBLIN,,Dublin,Catholic,N,395,0,395,318630,246841,-6.2138,53.4583,18976W
S N CHOLMCILLE C,SWORDS,CO DUBLIN,,Dublin,Catholic,N,0,453,453,318658,246751,-6.21341,53.4574,18977B
BALLYBOGHILL N S,BALLYBOGHILL,CO DUBLIN,,Dublin,Catholic,N,98,97,195,315009,253727,-6.26577,53.5209,19001G
MHUIRE IOSEF JUNIOR,VERBENA ESTATE,DUBLIN 13,,Dublin,Catholic,N,232,214,446,323322,239285,-6.14614,53.3893,19393D
ST FRANCIS XAVIER J N S,ROSELAWN ROAD,CASTLEKNOCK,DUBLIN 15,Dublin,Catholic,N,224,178,402,307630,238216,-6.38229,53.3831,19435Q
ST CRONAN,BRACKENSTOWN,SWORDS,CO. DUBLIN,Dublin,Catholic,N,347,304,651,317188,246873,-6.23548,53.4589,19456B
ST FRANCIS XAVIER SENIOR N S,COOLMINE,CASTLEKNOCK,DUBLIN 15,Dublin,Catholic,N,186,179,365,307632,238133,-6.38229,53.3824,19470S
SN OILIBHEIR,BAILE AN BHLACAIGH,CLUAIN SAILEACH,BAILE ATHA CLIATH 15,Dublin,Catholic,N,138,121,259,306651,238639,-6.39686,53.3871,19505L
SN NAOMH TREASA,BAILE BRIGIN,CO ATH CLIATH,,Dublin,Catholic,Y,237,236,473,320922,263053,-6.17305,53.6033,19515O
S N MUIRE AGUS IOSEF,BAYSIDE,SUTTON,DUBLIN 13,Dublin,Catholic,N,223,212,435,323338,239324,-6.14589,53.3897,19533Q
BRACKENSTOWN SENIOR N S,BRACKENSTOWN,SWORDS,CO DUBLIN,Dublin,Catholic,N,308,293,601,317255,246855,-6.23448,53.4587,19535U
CORDUFF N S,CORDUFF,BLANCHARDSTOWN,DUBLIN 15,Dublin,Catholic,Y,125,133,258,308079,239946,-6.37495,53.3986,19545A
ST FINTANS NS,ST FINTAN N S,CARRICKBRACK RD,SUTTON,Dublin,Catholic,N,223,241,464,326806,238355,-6.09417,53.3801,19549I
ST HELENS JUNIOR N S,ST HELENS JUNIOR N S,MARTELLO,PORTMARNOCK,Dublin,Catholic,N,183,142,325,323931,244806,-6.13483,53.4388,19578P
ST PHILIP THE APOSTLE JUNIOR N S,MOUNTVIEW,BLANCHARDSTOWN,DUBLIN 15,Dublin,Catholic,Y,136,154,290,306047,238906,-6.40584,53.3897,19601H
SCOIL NAIS MHUIRE SOIS,BLAKESTOWN,MULHUDDART,DUBLIN 15,Dublin,Catholic,Y,140,137,277,306415,239765,-6.40002,53.3973,19605P
SCOIL NAIS CAITRIONA,KENURE,RUSH,CO DUBLIN,Dublin,Catholic,N,159,147,306,326074,255557,-6.09828,53.5348,19624T
Scoil R�alt na Mara,Balbriggan Road,Skerries,Co Dublin,Dublin,Catholic,N,218,222,440,324520,260559,-6.11971,53.5801,19625V
JOHN PAUL II N S,SONESTA,MALAHIDE,CO DUBLIN,Dublin,Catholic,N,338,264,602,321670,246424,-6.16821,53.4538,19627C
ST PATRICKS SENIOR SCHOOL,CORDUFF,BLANCHARDSTOWN,DUBLIN 15,Dublin,Catholic,Y,166,137,303,308006,239954,-6.37605,53.3987,19636D
ST PHILIPS  SENIOR N S,MOUNTVIEW,CLONSILLA,DUBLIN 15,Dublin,Catholic,Y,163,140,303,306025,238879,-6.40618,53.3894,19643A
ST CIARANS N S,HARTSTOWN,DUBLIN 15,,Dublin,Catholic,N,405,372,777,305108,239317,-6.41981,53.3935,19644C
RUSH NS,RUSH,CO DUBLIN,,Dublin,Catholic,N,350,375,725,325780,253950,-6.10335,53.5204,19660A
MARY QUEEN OF IRELAND N S,TOBERBURR,CO DUBLIN,,Dublin,Catholic,Y,31,37,68,313480,246057,-6.29158,53.4524,19693P
SCOIL MHUIRE SIN,BLAKESTOWN,MULHUDDART,DUBLIN 15,Dublin,Catholic,Y,150,134,284,306482,239803,-6.399,53.3976,19694R
HOLY FAMILY JUNIOR N S,FOREST FIELDS,SWORDS,CO DUBLIN,Dublin,Catholic,N,335,336,671,316836,246083,-6.24108,53.4519,19721R
SACRED HEART N S,HUNTSTOWN,MULHUDDART,DUBLIN 15,Dublin,Catholic,N,448,421,869,305798,240310,-6.40911,53.4023,19755L
ST HELENS SENIOR N S,MARTELLO,PORTMARNOCK,CO DUBLIN,Dublin,Catholic,N,121,113,234,323907,244909,-6.13515,53.4397,19762I
SCOIL THOMAIS,LAUREL LODGE,CASTLEKNOCK,DUBLIN 15,Dublin,Catholic,N,348,339,687,308005,237647,-6.37685,53.378,19769W
LADYSWELL N S,LADYSWELL,MULHUDDART,DUBLIN 15,Dublin,Catholic,Y,316,325,641,306988,240718,-6.39109,53.4058,19850F
HOLY FAMILY SENIOR N S,FOREST FIELDS,RIVER VALLEY,SWORDS,Dublin,Catholic,N,308,273,581,316844,246121,-6.24094,53.4522,19877C
GAELSCOIL AN DUINNINIGH,DRAIGHNEAN,FELTRIM SORD,CO BAILE ATHA CLIATH,Dublin,Catholic,N,163,201,364,319655,245568,-6.19886,53.4466,19898K
GAELSCOIL BHRIAN B�ROIMHE,Coill na n�ll,Sord,Co. �tha Cliath,Dublin,INTER DENOMINATIONAL,N,212,215,427,316244,248440,-6.24911,53.4732,20095C
CASTLEKNOCK EDUCATE TOGETHER NS,BEECHPARK AVENUE,CASTLEKNOCK,DUBLIN 15,Dublin,MULTI DENOMINATIONAL,N,233,203,436,308997,237865,-6.36187,53.3797,20098I
ST PATRICKS NS,St. Patrick's National School,Diswellstown Road,Castleknock,Dublin,Catholic,N,394,342,736,307391,236604,-6.38643,53.3687,20130B
MARY  MOTHER OF HOPE SENIOR NS,LITTLEPACE,CASTAHEANY,DUBLIN 15,Dublin,Catholic,N,232,244,476,304873,240535,-6.42294,53.4045,20137P
SWORDS EDUCATE TOGETHER NS,APPLEWOOD,SWORDS,CO DUBLIN,Dublin,MULTI DENOMINATIONAL,N,238,206,444,316225,248356,-6.24943,53.4724,20145O
DONABATE/PORTRANE EDUCATE TOGETHER,BALLISK COMMON,BEAVERSTOWN ROAD,DONABATE,Dublin,MULTI DENOMINATIONAL,N,262,231,493,323066,250415,-6.14564,53.4893,20161M
RUSH AND LUSK EDUCATE TOGETHER NS,Raheny Lane,Rathmore Road,LUSK,Dublin,MULTI DENOMINATIONAL,N,161,165,326,322269,254779,-6.15594,53.5287,20176C
CASTAHEANY EDUCATE TOGETHER NS,Castaheany Educate Together NS,Ongar Village,Dublin 15,Dublin,MULTI DENOMINATIONAL,Y,258,190,448,303651,239242,-6.44173,53.3932,20186F
TYRRELSTOWN EDUCATE TOGETHER NATIONAL SCHOOL,HOLLYWOOOD ROAD,TYRRELSTOWN,DUBLIN 15,Dublin,MULTI DENOMINATIONAL,N,312,269,581,307084,241686,-6.38932,53.4144,20201V
BALBRIGGAN EDUCATE TOGETHER NS,HAMLET LANE,MOYLARAGH,CO DUBLIN,Dublin,MULTI DENOMINATIONAL,Y,209,190,399,318745,263994,-6.20556,53.6123,20202A
ST BENEDICTS NATIONAL SCHOOL,ONGAR,DUBLIN 15,,Dublin,Catholic,N,301,335,636,303773,239221,-6.43991,53.3929,20231H
Scoil Choilm Community NS,Porterstown Rd,Clonsilla,Dublin 15,Dublin,MULTI DENOMINATIONAL,Y,294,254,548,305945,237362,-6.40789,53.3758,20241K
Scoil Ghrainne Community National School,Phibblestown,Dublin 15,,Dublin,MULTI DENOMINATIONAL,N,271,242,513,304111,239777,-6.43464,53.3979,20247W
GAELSCOIL BHAILE BRIGIN,Castlelands,BHAILE BRIGIN,CONTAE ATHA CLIATH,Dublin,INTER DENOMINATIONAL,N,199,202,401,320593,262715,-6.17815,53.6004,20252P
Scoil Chormaic,c/o Ardgillan Community College,Castlelands,Balbriggan,Dublin,MULTI DENOMINATIONAL,N,153,123,276,320631,262815,-6.17753,53.6013,20269J
Bracken Educate Together N.S.,Castlelands,Balbriggan,Co. Dublin,Dublin,MULTI DENOMINATIONAL,Y,224,179,403,320655,262745,-6.1772,53.6006,20282B
Thornleigh Educate Together National School,Thornleigh Green,Applewood Village,Swords,Dublin,MULTI DENOMINATIONAL,Y,143,112,255,317333,248344,-6.23275,53.4721,20302E
Skerries Educate Together National School,Barnageeragh Cove,Kellys Bay,Skerries,Dublin,MULTI DENOMINATIONAL,Y,117,120,237,323597,260869,-6.13352,53.5831,20307O
Mary Mother of Hope Junior National School,Littlepace,Castaheany,Dublin 15,Dublin,Catholic,N,245,215,460,304816,240500,-6.42381,53.4042,20309S
Gaelscoil Ros Eo,Gaelscoil Ros Eo,St Maurs GAA,Rush,Dublin,MULTI DENOMINATIONAL,N,69,64,133,325627,255232,-6.10515,53.532,20334R
Holywell Educate Together National School,Holywell Road,Nevinstown,Swords,Dublin,MULTI DENOMINATIONAL,N,174,152,326,319040,245293,-6.20821,53.4443,20348F
Hansfield Educate Together National School,Littlepace,Clonee,Dublin 15,Dublin,MULTI DENOMINATIONAL,N,83,58,141,304651.63,240544.02,-6.42627,53.4047,20383H
Powerstown Educate Together National School,Powerstown Road,Tyrrelstown,Dublin 15,Dublin,MULTI DENOMINATIONAL,N,50,45,95,307155.86,241669.76,-6.38824,53.4143,20384J
Gaelscoil an Chuilinn,B�thar Bhaile an Phaoraigh,Baile an Tirialaigh,Baile �tha Cliath 15,Dublin,INTER DENOMINATIONAL,N,24,28,52,307121.45,241682.78,-6.38875,53.4144,20394M
LUCAN B N S,LUCAN,CO DUBLIN,,Dublin,Catholic,N,489,0,489,303669,235478,-6.4427,53.3593,00714P
CLOCHAR LORETO N S,GRANGE ROAD,RATHFARNHAM,DUBLIN 14,Dublin,Catholic,N,0,527,527,314824,228129,-6.27787,53.291,00729F
BALLYROAN    B N S,BALLYROAN,RATHFARNHAM,DUBLIN 16,Dublin,Catholic,N,359,0,359,313796,227566,-6.29348,53.2862,03359N
WHITECHURCH NAT SCHOOL,WHITECHURCH,RATHFARNHAM,DUBLIN 16,Dublin,CHURCH OF IRELAND,N,64,92,156,314646,225971,-6.28132,53.2717,11638N
ST ANDREWS N S,LUCAN,CO DUBLIN,,Dublin,CHURCH OF IRELAND,N,141,138,279,303938,235560,-6.43863,53.36,12014D
HOLY FAMILY NATIONAL SCHOOL,RATHCOOLE,CO DUBLIN,,Dublin,Catholic,N,317,284,601,301724,226601,-6.47475,53.28,13217W
SCOIL MHUIRE,LUCAN,CO DUBLIN,,Dublin,Catholic,N,0,685,685,303915,235411,-6.43903,53.3587,13447Q
RATHFARNHAM PARISH N S,WASHINGTON LANE,TEMPLEOGUE,DUBLIN 14,Dublin,CHURCH OF IRELAND,N,122,111,233,313178,228326,-6.30247,53.2932,14939T
CAISLEAIN NUA LIAMHNA,NEWCASTLE LYONS,CO DUBLIN,128,Dublin,Catholic,N,218,177,395,299913,228668,-6.50124,53.2989,16461C
S N NAOMH CILLIN,"ROBINHOOD RD., BLUEBELL",INCHICORE,DUBLIN 12,Dublin,Catholic,Y,11,12,23,310272,231787,-6.34484,53.3249,16983J
S N  NAOMH MHUIRE,SAGGART,CO DUBLIN,130,Dublin,Catholic,N,240,242,482,303834,226479,-6.44317,53.2785,17055T
SCOIL CARMEL,TEACH GIUISE,TALLAGHT,DUBLIN 24,Dublin,Catholic,N,229,218,447,310942,227354,-6.33634,53.2849,17899C
S N BHAILE EAMONN,RATHFARNHAM,DUBLIN 14,114,Dublin,Catholic,N,43,47,90,313508,225593,-6.2985,53.2685,17953F
GLEN NA SMOL N S,GLEN NA SMAL,TALLAGHT,DUBLIN 24,Dublin,Catholic,N,36,40,76,309688,222907,-6.35666,53.2452,17996A
S N BRIOTAS,BRITTAS,CO DUBLIN,,Dublin,Catholic,N,55,47,102,303390,221610,-6.4514,53.2348,18173H
SCOIL LORCAIN B,PALMERSTOWN,DUBLIN 20,,Dublin,Catholic,N,371,0,371,308655,234793,-6.36807,53.3522,18323A
SCOIL BRIDE C,PALMERSTOWN,DUBLIN 20,,Dublin,Catholic,N,0,352,352,308615,234756,-6.36868,53.3519,18324C
ST MARYS SCHOOL,GREENHILLS ROAD,TALLAGHT,DUBLIN 24,Dublin,Catholic,N,175,188,363,309594,227907,-6.35635,53.2901,18411U
SCOIL MHUIRE,CLONDALKIN,DUBLIN 22,,Dublin,Catholic,N,121,242,363,307052,230913,-6.39344,53.3177,18602E
S N NAOMH EOIN,TOWER ROAD,CLONDALKIN,DUBLIN 22,Dublin,CHURCH OF IRELAND,N,43,46,89,307033,231340,-6.39358,53.3215,18642Q
SCOIL NAOMH SEOSAMH,CLONDALKIN,DUBLIN 22,,Dublin,Catholic,N,415,0,415,307012,230845,-6.39407,53.3171,18655C
ST PATRICK GNS,BALLYROAN,RATHFARNHAM,DUBLIN 16,Dublin,Catholic,N,131,365,496,313414,227547,-6.29921,53.2861,19114T
ST PETERS B N S,LIMEKILN RD,GREENHILLS,DUBLIN 12,Dublin,Catholic,N,192,0,192,311483,229584,-6.32744,53.3048,19158Q
ST PAULS G N S,GREENHILLS,KIMMAGE WEST,DUBLIN 12,Dublin,Catholic,N,0,260,260,311416,229980,-6.32831,53.3084,19159S
ST PIUS X N S BOYS,FORTFIELD PARK,TERENURE,DUBLIN 6,Dublin,Catholic,N,520,0,520,313019,229365,-6.30449,53.3025,19177U
ST PIUS X G N S,FORTFIELD PARK,TERENURE,DUBLIN 6,Dublin,Catholic,N,0,525,525,313067,229354,-6.30377,53.3024,19178W
SCOIL NAOMH IDE,CLONDALKIN,DUBLIN 22,,Dublin,Catholic,N,85,212,297,307198,230849,-6.39127,53.3171,19220S
SCOIL NAOMH AINE,CLONDALKIN,DUBLIN 22,,Dublin,Catholic,N,76,210,286,307197,230828,-6.3913,53.3169,19221U
ST MARKS SEN NS,SPRINGFIELD,TALLAGHT,DUBLIN 24,Dublin,Catholic,N,287,231,518,307602,227494,-6.38635,53.2868,19390U
SCOIL MHUIRE BOYS,GRANGE ROAD,RATHFARNHAM,DUBLIN 14,Dublin,Catholic,N,478,0,478,314477,228515,-6.28293,53.2946,19446V
SCOIL MAELRUAIN JUNIOR,OLD BAWN,TALLAGHT,DUBLIN 24,Dublin,Catholic,N,233,201,434,309273,226501,-6.36164,53.2776,19462T
SCOIL MAELRUAIN SENIOR,OLD BAWN,TALLAGHT,DUBLIN 24,Dublin,Catholic,N,189,174,363,309248,226518,-6.36201,53.2777,19463V
SN NAOMH COLMCILLE,HOMELAWNS,TALLAGHT,DUBLIN 24,Dublin,Catholic,Y,15,23,38,309629,227394,-6.356,53.2855,19464A
ST KEVINS BOYS,KILNAMANAGH,TALLAGHT,DUBLIN 24,Dublin,Catholic,N,281,0,281,309474,229120,-6.35773,53.3011,19465C
ST KEVINS GIRLS,KILNAMANAGH,TALLAGHT,DUBLIN 24,Dublin,Catholic,N,0,268,268,309457,229135,-6.35798,53.3012,19466E
ST MARKS JUNIOR N S,SPRINGFIELD,TALLAGHT,DUBLIN 24,Dublin,Catholic,N,311,255,566,307632,227479,-6.38591,53.2867,19472W
SCOIL COLMCILLE NAOFA,KNOCKLYON,TEMPLEOGUE,DUBLIN 16,Dublin,Catholic,N,396,366,762,312363,227269,-6.31507,53.2838,19474D
SCOIL MHUIRE,BALLYBODEN,DUBLIN 16,,Dublin,Catholic,Y,104,128,232,314159,226711,-6.28835,53.2784,19490B
BISHOP GALVIN NS,ORWELL PARK,TEMPLEOGUE,DUBLIN 16,Dublin,Catholic,N,259,218,477,312152,228821,-6.31768,53.2978,19494J
SCOIL AENGHUSA JUN NS,BALROTHERY,TALLAGHT,DUBLIN 24,Dublin,Catholic,Y,104,106,210,310382,228221,-6.34443,53.2928,19502F
SCOIL CHRONAIN,SRAID MOR,RATH CUIL,CO ATHA CLIATH,Dublin,Catholic,N,139,129,268,302250,226786,-6.46681,53.2815,19503H
SCOIL NANO NAGLE,BAWNOGE,CLONDALKIN,DUBLIN 22,Dublin,Catholic,Y,173,148,321,305764,231804,-6.41247,53.3259,19509T
TALBOT SENIOR NS,BAWNOGE,CLONDALKIN,DUBLIN 22,Dublin,Catholic,Y,170,149,319,305781,231796,-6.41221,53.3259,19510E
BELGARD HEIGHTS N S,SCOIL ARD MHUIRE,BELGARD HEIGHTS,TALLAGHT,Dublin,Catholic,N,197,179,376,307679,228750,-6.38477,53.2981,19541P
ST THOMAS JUNIOR NATIONAL SCHOOL,ESKER,LUCAN,CO DUBLIN,Dublin,Catholic,N,260,251,511,303339,234255,-6.44805,53.3484,19542R
SCOIL N AN CROI RO NAOFA,KILLINARDEN,TALLAGHT,DUBLIN 24,Dublin,Catholic,Y,145,137,282,307959,226362,-6.38138,53.2766,19543T
ST KILLIANS JUNIOR SCHOOL,CASTLEVIEW,TALLAGHT,DUBLIN 24,Dublin,Catholic,N,136,134,270,308738,229724,-6.36856,53.3066,19556F
SCOIL TREASA FIRHOUSE,SCOIL TREASA BALLYCULLEN AVE,FIRHOUSE,DUBLIN 24,Dublin,Catholic,N,203,184,387,310838,226868,-6.33806,53.2806,19565G
OUR LADY QUEEN OF APOSTLES,QUEEN OF APOSTLES NS,CLONBURRIS,CLONDALKIN,Dublin,Catholic,Y,287,264,551,306573,231873,-6.40031,53.3264,19566I
NEILLSTOWN N S,ST PETER APOSTLE NS,NEILLSTOWN,CLONDALKIN,Dublin,Catholic,Y,153,140,293,306570,233018,-6.39997,53.3367,19569O
MARLEY GRANGE NS,DIVINE WORD NS,MARLEY GRANGE,RATHFARNHAM,Dublin,Catholic,N,247,235,482,315215,227337,-6.27229,53.2838,19574H
ST MARYS JUNIOR N S,ROWLAGH,CLONDALKIN,DUBLIN 22,Dublin,Catholic,Y,122,110,232,306938,233745,-6.3942,53.3431,19575J
S N AENGHUSA,SCOIL N AENGHUSA SIN,BALROTHERY,TALLAGHT,Dublin,Catholic,Y,109,88,197,310345,228166,-6.345,53.2923,19576L
SCOIL IOSA,SCOIL NAIS IOSA,TYMON NORTH,TALLAGHT,Dublin,Catholic,Y,43,36,79,310697,228469,-6.33962,53.295,19577N
ST MAELRUAINS  N S,KILCLARE AVENUE,JOBSTOWN,TALLAGHT,Dublin,CHURCH OF IRELAND,Y,51,41,92,307291,226973,-6.39119,53.2822,19582G
SCOIL CNOC MHUIRE SIN,KNOCKMORE AVE,KILLINARDEN,TALLAGHT,Dublin,Catholic,Y,67,62,129,307291,226219,-6.39144,53.2755,19613O
ST MARTIN DE PORRES N S,AYLESBURY,OLD BAWN,TALLAGHT,Dublin,Catholic,N,224,237,461,308685,226179,-6.37057,53.2748,19617W
ST PAULS JUN NS,GREENHILLS,WALKINSTOWN,DUBLIN 12,Dublin,Catholic,N,0,230,230,311473,230007,-6.32744,53.3086,19623R
ST PETER APOSTLE SEN NS,NEILLSTOWN,CLONDALKIN,DUBLIN 22,Dublin,Catholic,Y,135,104,239,306491,233016,-6.40115,53.3367,19642V
SCOIL SANTAIN,BOTHAR NA HABHANN MOR,TAMHLACHT,ATH CLIATH 24,Dublin,Catholic,Y,162,208,370,310263,227227,-6.34656,53.2839,19646G
ST MARYS SEN N S,ROWLAGH,CLONDALKIN,DUBLIN 22,Dublin,Catholic,Y,122,103,225,306861,233690,-6.39537,53.3426,19647I
AN CHROI RO NAOFA SOIS,KILLINARDEN,TALLAGHT,DUBLIN 24,Dublin,Catholic,Y,144,140,284,307994,226356,-6.38086,53.2765,19652B
BISHOP SHANAHAN NS,ORWELL PARK,TEMPLEOGUE,DUBLIN 16,Dublin,Catholic,N,236,222,458,312165,228862,-6.31747,53.2982,19658N
SCOIL AINE NAOFA,ESKER,LUCAN,CO DUBLIN,Dublin,Catholic,N,276,275,551,303364,234304,-6.44766,53.3489,19676P
ST THOMAS JUNIOR N S,JOBSTOWN,TALLAGHT,DUBLIN 24,Dublin,Catholic,Y,222,210,432,306481,226548,-6.40347,53.2786,19702N
ST RONANS N S,DEANSRATH,CLONDALKIN,DUBLIN 22,Dublin,Catholic,Y,237,208,445,304913,231461,-6.42535,53.323,19707A
ST COLMCILLE SENIOR N S,KNOCKLYON,DUBLIN 16,,Dublin,Catholic,N,359,337,696,312320,227330,-6.31569,53.2844,19742C
ST BERNADETTES JUNIOR N S,QUARRYVALE,CLONDALKIN,DUBLIN 22,Dublin,Catholic,Y,118,118,236,306740,234439,-6.39694,53.3494,19743E
ST THOMAS SENIOR N S,JOBSTOWN,TALLAGHT,DUBLIN 24,Dublin,Catholic,Y,248,208,456,306560,226556,-6.40229,53.2786,19765O
SCOIL CNOC MHUIRE JUNIOR,KNOCKMORE AVE,KILLINARDEN,TALLAGHT,Dublin,Catholic,Y,102,79,181,307327,226232,-6.3909,53.2756,19775R
ST BRIGIDS N S,BROOKFIELD,TALLAGHT,DUBLIN 24,Dublin,Catholic,Y,162,169,331,306468,227476,-6.40336,53.2869,19782O
ST BERNADETTES SENIOR N S,QUARRYVALE,CLONDALKIN,DUBLIN 22,Dublin,Catholic,Y,101,118,219,306775,234524,-6.39638,53.3502,19785U
SACRED HEART N S,SRULEEN,CLONDALKIN,DUBLIN 22,Dublin,Catholic,N,232,206,438,306542,230523,-6.40122,53.3143,19799I
ST MARYS N S,WOODVIEW,ESKER,LUCAN,Dublin,Catholic,N,219,196,415,302121,234487,-6.46626,53.3507,19817H
ST AIDANS NS,BROOKFIELD,TALLAGHT,DUBLIN 24,Dublin,Catholic,Y,166,151,317,306447,227390,-6.4037,53.2861,19834H
GAELSCOIL CHLUAIN DOLCAIN,BOTHAR NANGOR,CLUAIN DOLCAIN,BAILE ATHA CLIATH 22,Dublin,Catholic,N,148,141,289,306508,231542,-6.40139,53.3234,19855P
DIVINE MERCY JUNIOR NATIONAL SCHOOL,BALGADDY,LUCAN,CO DUBLIN,Dublin,Catholic,N,286,270,556,305571,233403,-6.41483,53.3403,19865S
SCOIL CHAITLIN MAUDE,CNOC MHUIRE,TAMHLACHT,BAILE ATHA CLIATH 24,Dublin,Catholic,Y,126,147,273,307236,226267,-6.39225,53.2759,19872P
Holy Rosary Primary School,Old Court Avenue,Tallaght,,Dublin,Catholic,Y,346,271,617,310214,226011,-6.34771,53.273,19878E
ST KILIANS SENIOR N S,CASTLEVIEW,TALLAGHT,DUBLIN 24,Dublin,Catholic,N,108,100,208,308683,229656,-6.36941,53.306,19893A
GAELSCOIL NAOMH PADRAIG,LEAMHCAN,CO BAILE ATHA CLIATH,,Dublin,Catholic,N,252,229,481,304234,234493,-6.43454,53.3504,19940G
ST DAMIENS NS,QUARRY DRIVE,PERRYSTOWN,DUBLIN 12,Dublin,Catholic,N,163,84,247,311933,230616,-6.32033,53.314,19943M
ST DOMINICS N S,TALLAGHT,DUBLIN 24,,Dublin,Catholic,Y,103,116,219,309598,227412,-6.35646,53.2857,19950J
GAELSCOIL NA CAMOIGE,ARAS CHRONAIN,BOTHAR AN ULLOIRD,CLUAIN DOLCAIN,Dublin,Catholic,N,100,131,231,307135,231554,-6.39198,53.3234,19991A
GAELSCOIL CHNOC LIAMHNA,HALLA NA NGASOGA,BOTHAR CNOC LIAMHNA,BAILE ATHA CLIATH 16,Dublin,Catholic,N,112,118,230,311646,227299,-6.3258,53.2843,20043G
LUCAN EDUCATE TOGETHER NS,"BEWLEY WAY,","WILLSBROOK,","LUCAN,",Dublin,MULTI DENOMINATIONAL,N,254,194,448,304901,234572,-6.4245,53.351,20066S
GRIFFEEN VALLEY EDUCATE TOGETHER NS,"GRIFFEEN GLEN BOULEVARD,",LUCAN,CO. DUBLIN.,Dublin,MULTI DENOMINATIONAL,N,222,221,443,304370,233462,-6.43284,53.3411,20166W
ST ANNES PRIMARY SCHOOL,FETTERCAIRN,TALLAGHT,DUBLIN 24,Dublin,Catholic,Y,217,221,438,307280,227884,-6.39105,53.2904,20173T
DIVINE MERCY SENIOR NATIONAL SCHOOL,BALGADDY,LUCAN,CO DUBLIN,Dublin,Catholic,N,307,304,611,305507,233324,-6.41582,53.3396,20187H
St. John the Evangelist National School,ADAMSTOWN,CO DUBLIN,,Dublin,Catholic,N,190,182,372,302578,232863,-6.45993,53.3361,20194E
GAELSCOIL EISCIR RIADA,B�THAR AN GHRIF�N,LEAMHC�N,CO �THA CLIATH,Dublin,Catholic,N,225,231,456,304157,234218,-6.43579,53.3479,20223I
Adamstown Castle Educate Together National School,Adamstown Castle,Adamstown,Co. Dublin,Dublin,MULTI DENOMINATIONAL,N,170,153,323,302637,232858,-6.45904,53.336,20268H
Esker Educate Together N.S.,Adamstown Castle,Adamstown,County Dublin,Dublin,MULTI DENOMINATIONAL,Y,214,159,373,302636,232844,-6.45906,53.3359,20274C
Lucan East ETNS,Kishogue Cross,Off Griffeen Avenue,Lucan,Dublin,MULTI DENOMINATIONAL,Y,222,194,416,304462,233127,-6.43157,53.3381,20303G
Scoil Niamh Community National School,Fortunestown Lane,City West,Dublin 24,Dublin,MULTI DENOMINATIONAL,N,48,44,92,304275.79,227085.97,-6.43635,53.2838,20398U
City West Educate Together National School,City West,Co Dublin,,Dublin,MULTI DENOMINATIONAL,N,47,45,92,304275.79,227086.66,-6.43635,53.2838,20402I
Firhouse Educate Together National School,c/o Tymon Bawn Community Centre,Tallaght,Dublin 24,Dublin,MULTI DENOMINATIONAL,N,8,13,21,309005.18,226247.6,-6.36575,53.2754,20411J
Gaelscoil na Gi�ise,Ionad Pobail Theach na Gi�ise,C�ide Bhaile U� Chuilinn,Teach na Gi�ise,Dublin,MULTI DENOMINATIONAL,N,3,3,6,310870.32,226435.48,-6.33773,53.2767,20412L
Scoil Oscair,Tor na R� Walk,Balgaddy Road,Lucan,Dublin,MULTI DENOMINATIONAL,N,8,5,13,305291.12,233237.11,-6.41909,53.3389,20426W
