AIRO_ID,Roll_No,Off_Name,Add_1,Add_2,Add_3,Add_4,County,Ethos,Island,DEIS,Gaeltacht,M_13_14,F_13_14,T_13_14,xcoord,ycoord,Long,Lat
753,00752A,CENTRAL SENIOR MXD N S,MARLBORO ST,DUBLIN 1,,,Dublin,CATHOLIC,N,Y,N,100,108,208,316182,234864,-6.25505,53.3512
754,01795A,CENTRAL INFS SCHOOL,MARLBORO ST,DUBLIN 1,,,Dublin,CATHOLIC,N,Y,N,75,89,164,316191,234838,-6.25492,53.351
755,03917V,NAOMH PADRAIG BOYS,CAMBRIDGE ROAD,RINGSEND,DUBLIN 4,,Dublin,CATHOLIC,N,Y,N,119,0,119,318248,234019,-6.22435,53.3432
756,04992R,SCOIL AN CROI NAOFA,GLASNEVIN,DUBLIN 11,,,Dublin,CATHOLIC,N,N,N,453,0,453,314874,238474,-6.27337,53.3839
757,05933G,PRESENTATION PRIMARY SCHOOL,GEORGES HILL,DUBLIN 7,,,Dublin,CATHOLIC,N,Y,N,50,126,176,315140,234486,-6.27083,53.3481
758,07546J,GOLDENBRIDGE CONVENT,GOLDENBRIDGE,INCHICORE,DUBLIN 8,,Dublin,CATHOLIC,N,Y,N,138,129,267,312021,233117,-6.31813,53.3364
759,09750S,ST JOSEPHS BOYS N S,TERENURE,DUBLIN 6,,,Dublin,CATHOLIC,N,N,N,480,0,480,314560,230169,-6.28109,53.3094
760,09932B,STANHOPE ST CONVENT,STANHOPE STREET,DUBLIN 7,,,Dublin,CATHOLIC,N,Y,N,85,261,346,314534,234953,-6.27975,53.3524
761,10653E,CHAPELIZOD N S,CHAPELIZOD,DUBLIN 20,,,Dublin,CHURCH OF IRELAND,N,N,N,17,13,30,310279,234590,-6.34376,53.35
762,11525A,ST PATRICKS N SCHOOL,DRUMCONDRA,DUBLIN 9,,,Dublin,CATHOLIC,N,N,N,484,4,488,315979,236945,-6.25733,53.37
763,11578V,CITY QUAY BOYS N S,CITY QUAY,DUBLIN 2,,,Dublin,CATHOLIC,N,Y,N,82,79,161,316509,234332,-6.25033,53.3464
764,11776C,ST LAURENCE O TOOLE JUNIOR BOYS,SEVILLE PLACE,DUBLIN 1,,,Dublin,CATHOLIC,N,Y,N,49,0,49,317085,234849,-6.2415,53.3509
765,11894I,SCOIL MHUIRE,Gilford Road,Sandymount,Dublin 4,,Dublin,CATHOLIC,N,N,N,0,294,294,319165,232352,-6.21121,53.328
766,12448N,GARDINER STREET CONVENT,GARDINER STREET,DUBLIN 1,,,Dublin,CATHOLIC,N,Y,N,116,188,304,315972,235597,-6.25793,53.3579
767,12755W,KILDARE PLACE  N S,96 UPPER RATHMINES RD,DUBLIN 6,,,Dublin,CHURCH OF IRELAND,N,N,N,111,110,221,315764,231187,-6.26266,53.3183
768,13611D,PRESENTATION PRIMARY SCHOOL,BLACKPITTS,DUBLIN 8,,,Dublin,CATHOLIC,N,Y,N,94,213,307,314871,233071,-6.27538,53.3354
769,13612F,PRESENTATION PRIMARY SCHOOL,TERENURE,DUBLIN 6W,,,Dublin,CATHOLIC,N,N,N,0,576,576,314152,230270,-6.28717,53.3104
770,13815T,HOWTH RD MXD N S,HOWTH RD,CLONTARF,DUBLIN 3,,Dublin,PRESBYTERIAN,N,N,N,48,50,98,318135,236332,-6.22518,53.364
771,14463T,ST COLUMBAS N S MXD,NORTH STRAND,DUBLIN 3,,,Dublin,CHURCH OF IRELAND,N,N,N,39,31,70,317077,235694,-6.2413,53.3585
772,14556D,ST ENDAS PRIMARY SCHOOL,ST ENDAS PRIMARY SCHOOL,WHITEFRIAR ST,DUBLIN 8,,Dublin,CATHOLIC,N,Y,N,63,77,140,315470,233609,-6.26619,53.3401
773,14717B,RATHGAR N S,RATHGAR,DUBLIN 6,,,Dublin,METHODIST,N,N,N,44,51,95,314989,230671,-6.27447,53.3138
774,14917J,ZION PARISH PRIMARY SCHOOL,BUSHY PARK ROAD,RATHGAR,DUBLIN 6,,Dublin,CHURCH OF IRELAND,N,N,N,46,50,96,315056,229992,-6.27372,53.3077
775,14980Q,GLASNEVIN N S,BOTANIC AVENUE,GLASNEVIN,DUBLIN 9,,Dublin,CHURCH OF IRELAND,N,N,N,30,43,73,315362,237197,-6.2665,53.3724
776,15056L,S N SAN VINSEANN CAILIN,NORTH WILLIAM ST,DUBLIN 1,,,Dublin,CATHOLIC,N,Y,N,0,192,192,316789,235539,-6.24568,53.3572
777,15253N,ST PATRICKS GIRLS NS,CAMBRIDGE ROAD,DUBLIN 4,,,Dublin,CATHOLIC,N,Y,N,0,164,164,318226,234008,-6.22468,53.3431
778,15618E,SANDFORD N S,RANELAGH,DUBLIN 6,,,Dublin,CHURCH OF IRELAND,N,N,N,133,103,236,316788,231473,-6.2472,53.3206
779,15622S,ST PATRICKS NS,CHAPELIZOD VILLAGE,CHAPELIZOD,DUBLIN 20,,Dublin,CATHOLIC,N,N,N,125,102,227,310373,234403,-6.34241,53.3483
780,15625B,ST CATHERINES WEST N S,DONORE AVENUE,SOUTH CIRCULAR ROAD,DUBLIN 8,,Dublin,CHURCH OF IRELAND,N,N,N,83,78,161,314419,232776,-6.28226,53.3329
781,15816I,ST VINCENTS INF BOYS,NORTH WILLIAM STREET,DUBLIN 1,,,Dublin,CATHOLIC,N,Y,N,116,0,116,316776,235501,-6.24589,53.3568
782,15895H,DRUMCONDRA N S,CHURCH AVENUE,DRUMCONDRA,DUBLIN 9,,Dublin,CHURCH OF IRELAND,N,N,N,30,31,61,316564,236854,-6.24858,53.369
783,15995L,Star of the Sea,SANDYMOUNT,DUBLIN 4,,,Dublin,CATHOLIC,N,N,N,375,0,375,318747,233217,-6.21716,53.3359
784,16177F,LINDSAY ROAD N S,LINDSAY ROAD,GLASNEVIN,DUBLIN 9,,Dublin,PRESBYTERIAN,N,N,N,53,46,99,315563,236344,-6.2638,53.3647
785,16567S,ST BRIGIDS CONVENT N S,HADDINGTON ROAD,DUBLIN 4,104,,Dublin,CATHOLIC,N,Y,N,69,239,308,317254,232979,-6.23965,53.3341
786,16577V,ST BRIGIDS CONVENT,GLASNEVIN,DUBLIN 11,111,,Dublin,CATHOLIC,N,N,N,0,468,468,314809,237658,-6.27464,53.3766
787,16651H,ST CLARES CONVENT N S,HAROLDS CROSS ROAD,DUBLIN 6W,126,,Dublin,CATHOLIC,N,N,N,188,139,327,314938,232059,-6.27474,53.3263
788,16659A,ST COLUMBAS CON G & I,IONA ROAD,GLASNEVIN,DUBLIN 9,109,Dublin,CATHOLIC,N,N,N,2,389,391,315641,236554,-6.26255,53.3665
789,16695E,SCOIL NA MBRATHAR,NORTH BRUNSWICK STREET,DUBLIN 7,107,,Dublin,CATHOLIC,N,Y,N,174,0,174,314803,234723,-6.2758,53.3503
790,16753P,ST VINCENT DE PAULS GIRLS SCHOOL,GRIFFITH AVENUE,DUBLIN 9,103,,Dublin,CATHOLIC,N,N,N,0,294,294,317855,236964,-6.22915,53.3697
791,16754R,ST VINCENTS CONVENT INF N S,67 GRIFFITH AVENUE,DUBLIN 9,109,,Dublin,CATHOLIC,N,N,N,191,199,390,317835,236976,-6.22945,53.3698
792,16759E,S N MHUIRE NA MBRATHAR,MARINO,DUBLIN 9,109,,Dublin,CATHOLIC,N,N,N,297,0,297,317698,237047,-6.23148,53.3705
793,16786H,ST BRIGIDS PRIMARY SCHOOL,THE COOMBE,DUBLIN 8,108,,Dublin,CATHOLIC,N,Y,N,65,180,245,314956,233419,-6.27397,53.3385
794,16792C,ST BRIGIDS CONVENT N S,KILLESTER,DUBLIN 5,105,,Dublin,CATHOLIC,N,N,N,0,431,431,319455,237963,-6.20474,53.3783
795,16860Q,CORPUS CHRISTI N S,HOME FARM ROAD,DRUMCONDRA,DUBLIN 9,109,Dublin,CATHOLIC,N,N,N,0,421,421,316021,237464,-6.25651,53.3746
796,16964F,SCOIL MHUIRE OGH 1,LORETO COLLEGE,CRUMLIN RD,DUBLIN 12,112,Dublin,CATHOLIC,N,Y,N,0,152,152,313586,232322,-6.29493,53.329
797,16966J,SCOIL NAISIUNTA STRATFORD,1 ZION ROAD,RATHGAR,DUBLIN 6,106,Dublin,JEWISH,N,N,N,59,52,111,315039,230179,-6.2739,53.3094
798,16988T,CHRIST THE KING B N S,CABRA,DUBLIN 7,107,,Dublin,CATHOLIC,N,Y,N,83,0,83,314203,236165,-6.28428,53.3633
799,16989V,CHRIST THE KING G N S,CABRA,DUBLIN 7,107,,Dublin,CATHOLIC,N,Y,N,0,94,94,314162,236173,-6.2849,53.3634
800,17083B,S N MUIRE GAN SMAL B,INCHICORE,DUBLIN 8,108,,Dublin,CATHOLIC,N,Y,N,181,142,323,311618,233214,-6.32414,53.3374
801,17104G,ST FRANCIS JUNIOR NATIONAL SCHOOL,PRIORSWOOD,DUBLIN 17,117,,Dublin,CATHOLIC,N,Y,N,85,86,171,319437,240741,-6.20396,53.4033
802,17110B,NAOMH LORCAN O TUATHAIL,PLAS SEIBHIL,BAILE ATHA CLIATH 1,101,,Dublin,CATHOLIC,N,Y,N,73,0,73,316992,235069,-6.24281,53.3529
803,17148D,S N EOIN BAISDE G SEN,SEAFIELD ROAD,CLONTARF,DUBLIN 3,103,Dublin,CATHOLIC,N,N,N,0,424,424,320045,236315,-6.19651,53.3634
804,17210F,CLOCHAR LUGHAIDH CAILIN,WILLIAMS PARK,RATHMINES,DUBLIN 6,106,Dublin,CATHOLIC,N,N,N,185,185,370,315418,231843,-6.26761,53.3243
805,17211H,CLOCHAR LUGHAIDH NAOIDH,WILLIAMS PARK,RATHMINES,DUBLIN 6,106,Dublin,CATHOLIC,N,N,N,159,151,310,315483,231860,-6.26663,53.3244
806,17214N,St. Vincent's Primary School,Christian Brothers,Glasnevin,Dublin 11,,Dublin,CATHOLIC,N,N,N,314,0,314,314874,236635,-6.27404,53.3674
807,17279S,SCOIL MUIRE,HADDINGTON ROAD,DUBLIN 4,,,Dublin,CATHOLIC,N,Y,N,164,0,164,317228,232976,-6.24004,53.334
808,17318C,SCOIL AN LEINBH IOSA B,LARKHILL,WHITEHALL,DUBLIN 9,109,Dublin,CATHOLIC,N,N,N,208,0,208,316750,238593,-6.24514,53.3846
809,17355I,MUIRE NA DEA COIRLE G,MOURNE ROAD,DRIMNAGH,DUBLIN 12,112,Dublin,CATHOLIC,N,Y,N,8,129,137,312081,232390,-6.31748,53.3299
810,17356K,MUIRE NA DEA COIRLE INF,MOURNE ROAD,DUBLIN 12,112,,Dublin,CATHOLIC,N,Y,N,79,70,149,312183,232437,-6.31594,53.3303
811,17367P,SCOIL MHUIRE GNS,NAVAN ROAD,DUBLIN 7,107,,Dublin,CATHOLIC,N,N,N,0,430,430,312624,237025,-6.30769,53.3714
812,17459U,CHRIST THE KING I G,CABRA,DUBLIN 7,107,,Dublin,CATHOLIC,N,Y,N,0,57,57,314115,236166,-6.28561,53.3634
813,17464N,"FIONNBARRA NAOFA B.N.S.,",Kilkieran Road,Cabra West,Dublin 7,,Dublin,CATHOLIC,N,Y,N,135,0,135,313369,236761,-6.29659,53.3689
814,17465P,DOMINICAN CONVENT GIRLS,CABRA,DUBLIN 7,107,,Dublin,CATHOLIC,N,Y,N,0,155,155,312687,236844,-6.30681,53.3698
815,17466R,ST CATHERINES INFANT SCHOOL,CABRA,DUBLIN 7,107,,Dublin,CATHOLIC,N,Y,N,47,135,182,312726,236881,-6.30621,53.3701
816,17603B,SCOIL IOSAGAIN,AUGHAVANNAGH ROAD,CRUMLIN,DUBLIN 12,112,Dublin,CATHOLIC,N,Y,N,101,0,101,314154,232427,-6.28637,53.3298
817,17683C,MUIRE OG 2 LORETO CON,CRUMLIN ROAD,DUBLIN 12,112,,Dublin,CATHOLIC,N,Y,N,68,147,215,313545,232429,-6.2955,53.3299
818,17730I,S N NA LANAI GLASA,SEAFIELD AVENUE,CLONTARF,DUBLIN 3,103,Dublin,CHURCH OF IRELAND,N,N,N,131,113,244,320574,236524,-6.18848,53.3652
819,17732M,SCOIL CHIARAIN,ASCAL UI CHOILEAIN,DOMHNACH CAIRNE,BAILE ATHA CLIATH 5,105,Dublin,CATHOLIC,N,Y,N,118,0,118,318858,237437,-6.21391,53.3737
820,17881G,SCOIL UI CHONAILL,NTH RICHMOND STREET,DUBLIN 1,101,,Dublin,CATHOLIC,N,Y,N,167,0,167,316484,235643,-6.25023,53.3582
821,17891J,SCOIL MHUIRE,MOUNT SACKVILLE CONVENT,CHAPELIZOD,DUBLIN 20,120,Dublin,CATHOLIC,N,N,N,0,248,248,309312,235681,-6.3579,53.36
822,17893N,SANCTA MARIA C B S,SYNGE ST,DUBLIN 8,108,,Dublin,CATHOLIC,N,Y,N,81,0,81,315483,232829,-6.26628,53.3331
823,17912O,S N EOIN BOSCO BUACH,NAVAN ROAD,DUBLIN 7,107,,Dublin,CATHOLIC,N,N,N,361,0,361,312271,236597,-6.31314,53.3676
824,17936F,S N EOIN BAISDE B SIN,SEAFIELD RD,CLONTARF,DUBLIN 3,103,Dublin,CATHOLIC,N,N,N,326,0,326,319915,236331,-6.19845,53.3636
825,17976R,SCOIL ASSAIM B,RAHENY,DUBLIN 5,105,,Dublin,CATHOLIC,N,N,N,272,0,272,321376,238002,-6.17587,53.3783
826,17977T,SCOIL AINE C,RAHENY,DUBLIN 5,105,,Dublin,CATHOLIC,N,N,N,0,319,319,321340,237986,-6.17642,53.3781
827,17978V,NAISCOIL IDE,ALL SAINTS DRIVE,RAHENY,DUBLIN 5,105,Dublin,CATHOLIC,N,N,N,163,231,394,321280,237936,-6.17734,53.3777
828,18137D,S N NAOMH FEARGAL,FINGLAS WEST,DUBLIN 11,,,Dublin,CATHOLIC,N,Y,N,105,0,105,312705,238805,-6.30584,53.3874
829,18170B,SN MUIRE NA FREASTOGALA,SIURACHA NA CARTHANACHR,BAILE UAILCIN,BAILE ATHA CLIATH 12,,Dublin,CATHOLIC,N,N,N,0,190,190,311189,231564,-6.33116,53.3227
830,18171D,OUR LADY ASSUMPTION BNS,SIURACHA NA CARTHANACHA,BAILE UAILCIN,BAILE ATHA CLIATH 12,,Dublin,CATHOLIC,N,N,N,236,0,236,311176,231600,-6.33134,53.323
831,18205R,S N AN PHAROISTE,FINGLAS,DUBLIN 11,,,Dublin,CHURCH OF IRELAND,N,N,N,32,33,65,312922,238893,-6.30255,53.3881
832,18282M,SN PAROISTE MAITIU NFA,CRANFIELD PLACE,SANDYMOUNT,DUBLIN 4,,Dublin,CHURCH OF IRELAND,N,N,N,106,101,207,318542,233348,-6.22019,53.3371
833,18360G,SCOIL BHREANDAIN,COOLOCK,DUBLIN 5,,,Dublin,CATHOLIC,N,Y,N,159,0,159,320073,238615,-6.19521,53.3841
834,18361I,S N CAITRIONA C,COOLOCK,DUBLIN 5,,,Dublin,CATHOLIC,N,Y,N,0,184,184,319941,238691,-6.19717,53.3848
835,18362K,S N CAITRIONA NAIONAIN,COOLOCK,DUBLIN 5,,,Dublin,CATHOLIC,N,Y,N,94,129,223,319972,238709,-6.1967,53.3849
836,18386B,MARIST NATIONAL SCHOOL,CLOGHER ROAD,CRUMLIN,DUBLIN 12,,Dublin,CATHOLIC,N,Y,N,87,220,307,313769,231977,-6.2923,53.3258
837,18455R,OUR LADY OF ASSUMPTION,SIURACHA NA CARTHANACHA,BAILE UAILCIN,BAILE ATHA CLIATH 12,,Dublin,CATHOLIC,N,N,N,0,238,238,311143,231629,-6.33183,53.3233
838,18477E,SCOIL NA MBRATHAR,FRANCIS STREET,DUBLIN 8,,,Dublin,CATHOLIC,N,Y,N,130,0,130,315044,233719,-6.27254,53.3412
839,18585H,SN BANRION NA NAINGEAL1,BALLYFERMOT,DUBLIN 10,,,Dublin,CATHOLIC,N,Y,N,128,0,128,309193,234137,-6.36022,53.3462
840,18632N,S N EOIN BOSCO NAI BUAC,NAVAN RD,DUBLIN 7,,,Dublin,CATHOLIC,N,N,N,257,0,257,312248,236650,-6.31347,53.3681
841,18646B,SPRINGDALE N S,SPRINGDALE NS,LOUGH DERG RD,RAHENY,DUBLIN 5,Dublin,CHURCH OF IRELAND,N,N,N,106,78,184,321186,238421,-6.17857,53.3821
842,18682F,ST CANICES B N S,FINGLAS,DUBLIN 11,,,Dublin,CATHOLIC,N,Y,N,431,0,431,313682,239008,-6.29108,53.389
843,18683H,ST CANICES G N S,FINGLAS,DUBLIN 11,,,Dublin,CATHOLIC,N,Y,N,0,418,418,313367,239027,-6.29581,53.3892
844,18726W,S N SEOSAMH NA MBRATHAR,FAIRVIEW,DUBLIN 3,,,Dublin,CATHOLIC,N,Y,N,167,0,167,317635,236284,-6.23271,53.3637
845,18817C,S N BRIGHDE,CULLENSWOOD HOUSE,BR FEADHA CUILINN,RAGHNALLACH,B A C 6,Dublin,CATHOLIC,N,N,N,198,231,429,316181,231568,-6.25627,53.3216
846,18843D,BAINRION NA N-AINGAL 2,BALLYFERMOT UPPER,DUBLIN 10,,,Dublin,CATHOLIC,N,Y,N,101,0,101,309148,234143,-6.36089,53.3463
847,18910P,BANTIARNA NA MBUANNA B,BAILE MUNNA,DUBLIN 9,,,Dublin,CATHOLIC,N,Y,N,185,0,185,315345,238989,-6.26611,53.3885
848,18911R,BANTIARNA NA MBUANNA G,BAILE MUNNA,DUBLIN 9,,,Dublin,CATHOLIC,N,Y,N,0,155,155,315264,239027,-6.26731,53.3888
849,18968A,ST MALACHYS B N S,EDENMORE,RAHENY,DUBLIN 5,,Dublin,CATHOLIC,N,Y,N,217,0,217,321101,239074,-6.17959,53.3879
850,18969C,ST EITHNES SENIOR G N S,EDENMORE,RAHENY,DUBLIN 5,,Dublin,CATHOLIC,N,Y,N,0,135,135,321083,239222,-6.17981,53.3893
851,19006Q,EOIN BAISDE B SOIS,SEAFIELD RD,CLONTARF,DUBLIN 3,,Dublin,CATHOLIC,N,N,N,327,0,327,320068,236294,-6.19617,53.3632
852,19007S,EOIN BAISDE C NAOIDH,SEAFIELD ROAD,CLONTARF,DUBLIN 3,,Dublin,CATHOLIC,N,N,N,0,259,259,319916,236314,-6.19844,53.3634
853,19015R,ST JOSEPHS G N S,BARRY AVENUE,FINGLAS WEST,DUBLIN 11,,Dublin,CATHOLIC,N,Y,N,0,196,196,312515,239736,-6.30836,53.3958
854,19037E,ST MONICAS N S,EDENMORE,RAHENY,DUBLIN 5,,Dublin,CATHOLIC,N,Y,N,0,65,65,321096,239206,-6.17962,53.3891
855,19197D,ST KEVINS B N S,BARRY AVENUE,FINGLAS NORTH-WEST,DUBLIN 11,,Dublin,CATHOLIC,N,Y,N,173,0,173,312480,239642,-6.30892,53.3949
856,19208F,HOLY SPIRIT B N S,SILLOGE RD,BAILE MUNNA,ATHA CLIATH 11,,Dublin,CATHOLIC,N,Y,N,338,0,338,315137,239790,-6.26894,53.3957
857,19209H,SN AN SPIORAID NAIOMH C,SILLOGUE RD,BALLYMUN,DUBLIN 11,,Dublin,CATHOLIC,N,Y,N,0,273,273,315058,239755,-6.27014,53.3954
858,19242F,OUR LADY OF VICTORIES INFANT N S,BALLYMUN ROAD,DUBLIN 9,,,Dublin,CATHOLIC,N,Y,N,122,124,246,315376,238991,-6.26564,53.3885
859,19297H,CROMCASTLE GREEN B N S,KILMORE RD WEST,ARTANE,DUBLIN 5,,Dublin,CATHOLIC,N,Y,N,218,0,218,318461,239785,-6.21899,53.3949
860,19298J,SCOIL NAIS IDE CAILINI,KILMORE ROAD WEST,ARTANE,DUBLIN 5,,Dublin,CATHOLIC,N,Y,N,0,185,185,318459,239752,-6.21903,53.3946
861,19302U,SN NA MAIGHDINE MUIRE B,BALLYMUN,DUBLIN 9,,,Dublin,CATHOLIC,N,Y,N,131,0,131,315766,239780,-6.25949,53.3955
862,19303W,NA MAIGHDINE MHUIRE,SHANGAN ROAD,BALLYMUN,DUBLIN 9,,Dublin,CATHOLIC,N,Y,N,0,127,127,315727,239787,-6.26007,53.3955
863,19308J,ST BRIGIDS BOYS N S,HOWTH ROAD,KILLESTER,DUBLIN 5,,Dublin,CATHOLIC,N,N,N,387,0,387,320151,237562,-6.19444,53.3746
864,19309L,SCOIL NEASAIN,BAILE HARMAIN,BAILE ATH CLIATH 5,,,Dublin,CATHOLIC,N,N,N,126,125,251,320063,238374,-6.19545,53.3819
865,19395H,SCOIL MOBHI,BOTHAR MOBHI,GLASNAOIN,BAILE ATHA CLIATH 9,,Dublin,CATHOLIC,N,N,N,124,135,259,315643,237299,-6.26225,53.3732
866,19406J,HOLY TRINITY SEN N S,GRANGE ROAD,DONAGHMEDE,DUBLIN 13,,Dublin,CATHOLIC,N,N,N,179,149,328,322403,240121,-6.15963,53.397
867,19430G,SCOIL AN TSEACHTAR LAOCH,BALLYMUN ROAD,DUBLIN 11,,,Dublin,CATHOLIC,N,Y,N,106,104,210,315485,239434,-6.26384,53.3924
868,19431I,ST JOSEPHS JNR,BALCURRIS,BALLYMUN,DUBLIN 11,,Dublin,CATHOLIC,N,Y,N,73,71,144,315088,240365,-6.26947,53.4009
869,19454U,DARNDALE NS JUNIOR,OUR LADY IMMAC JUN NS,DARNDALE,MALAHIDE ROAD,DUBLIN 17,Dublin,CATHOLIC,N,Y,N,113,95,208,320207,240517,-6.19248,53.4011
870,19471U,ST PAULS JUNIOR NATIONAL SCHOOL,AYRFIELD,MALAHIDE RD,DUBLIN 13,,Dublin,CATHOLIC,N,N,N,131,102,233,320878,239824,-6.18266,53.3947
871,19473B,SCOIL BHRIDE,DONAGHMEDE,DUBLIN 13,,,Dublin,CATHOLIC,N,N,N,175,168,343,322370,240109,-6.16013,53.3969
872,19480V,ST PATRICKS,ST PATRICKS CLOSE,DUBLIN 8,,,Dublin,CHURCH OF IRELAND,N,N,N,20,9,29,315163,233464,-6.27085,53.3389
873,19489Q,SN NAOMH FINNIN,GLENTIES PARK,RIVERMOUNT,FINGLAS SOUTH,DUBLIN 11,Dublin,CATHOLIC,N,Y,N,149,79,228,312370,238017,-6.31115,53.3804
874,19496N,SCOIL FHIACHRA SOISIR,BEAUMONT,DUBLIN 5,,,Dublin,CATHOLIC,N,N,N,358,328,686,318038,238890,-6.22568,53.387
875,19524P,OUR LADY IMMAC SEN N S,OUR LADY IMMAC SEN NS,DARNDALE,DUBLIN 17,,Dublin,CATHOLIC,N,Y,N,133,105,238,320208,240569,-6.19244,53.4016
876,19538D,ST KEVINS JUNIOR N S,NEWBROOK AVE,DONAGHMEDE,DUBLIN 13,,Dublin,CATHOLIC,N,N,N,53,50,103,322589,240047,-6.15686,53.3963
877,19546C,ST OLIVER PLUNKETT N S,ST OLIVER PLUNKETT NS,ST HELENAS DRIVE,FINGLAS,DUBLIN 11,Dublin,CATHOLIC,N,Y,N,91,57,148,313187,238175,-6.29882,53.3816
878,19583I,ST JOSEPHS SENIOR N S,ST JOSEPHS SENIOR NS,BALCURRIS,BALLYMUN,DUBLIN 11,Dublin,CATHOLIC,N,Y,N,59,70,129,314989,240391,-6.27094,53.4011
879,19589U,GAELSCOIL INSE CHOR,DROICHEAD NA HINSE,BAILE ATHA CLIATH 8,,,Dublin,CATHOLIC,N,N,N,134,102,236,312485,233948,-6.31087,53.3438
880,19611K,SCOIL NAOMH COLMCILLE,NEWBROOK RD,DONAGHMEDE,DUBLIN 13,,Dublin,CATHOLIC,N,N,N,84,49,133,322491,240071,-6.15832,53.3966
881,19618B,ST PAULS SEN NS,AYRFIELD,MALAHIDE RD,DUBLIN 13,,Dublin,CATHOLIC,N,N,N,121,112,233,320869,239856,-6.18278,53.395
882,19619D,ST MALACHYS NS,RIVERMOUNT,FINGLAS,DUBLIN 11,,Dublin,CATHOLIC,N,Y,N,75,60,135,313184,238235,-6.29885,53.3822
883,19628E,ST FIACHRAS SEN N S,BEAUMONT,MONTROSE,DUBLIN 5,,Dublin,CATHOLIC,N,N,N,312,307,619,318186,238945,-6.22344,53.3874
884,19661C,ST GABRIELS NS,DOMINICAN CAMPUS,BALLYFERMOT,DUBLIN 10,,Dublin,CATHOLIC,N,Y,N,67,143,210,310125,233774,-6.34635,53.3427
885,19662E,ST MICHAELS NS,DOMINICAN CONVENT,BALLYFERMOT,DUBLIN 10,,Dublin,CATHOLIC,N,Y,N,73,206,279,310073,233818,-6.34712,53.3431
886,19663G,ST RAPHAELS NS,DOMINICAN CONVENT,BALLYFERMOT,DUBLIN 10,,Dublin,CATHOLIC,N,Y,N,63,165,228,310097,233797,-6.34677,53.3429
887,19668Q,ST FRANCIS SENIOR N S,PRIORSWOOD,DUBLIN 17,,,Dublin,CATHOLIC,N,Y,N,110,84,194,319371,240773,-6.20494,53.4036
888,19669S,LADY OF GOOD COUNSEL NS,MOURNE RD,DRIMNAGH,DUBLIN 12,,Dublin,CATHOLIC,N,Y,N,167,0,167,312148,232374,-6.31649,53.3297
889,19727G,ST MARYS CENTRAL N S,BELMONT AVENUE,DONNYBROOK,DUBLIN 4,,Dublin,CATHOLIC,N,N,N,113,137,250,317403,231509,-6.23796,53.3208
890,19764M,OUR LADY OF WAYSIDE N S,BLUEBELL,INCHICORE,DUBLIN 12,,Dublin,CATHOLIC,N,Y,N,62,60,122,310782,232489,-6.33694,53.3311
891,19774P,ST JOSEPHS MXD N S,EAST WALL,DUBLIN 3,,,Dublin,CATHOLIC,N,Y,N,85,85,170,317986,235235,-6.22783,53.3542
892,19777V,GAELSCOIL MIDE,BOTHAR AN GHLEANTAIN,GHLAIS CILL BHARROG,BAILE ATHA CLIATH 5,,Dublin,CATHOLIC,N,N,N,120,116,236,322949,238825,-6.15193,53.3853
893,19831B,SCOIL CHAOIMHIN,SRAID MHAOILBHRIDE,BAILE ATHA CLIATH 1,,,Dublin,CATHOLIC,N,Y,N,20,26,46,316070,234842,-6.25673,53.3511
894,19837N,DRIMNAGH CASTLE CBS N S,DRIMNAGH CASTLE,DUBLIN 12,,,Dublin,CATHOLIC,N,N,N,444,0,444,311265,231728,-6.32996,53.3241
895,19845M,NORTH DUBLIN NS PROJECT,BALLYMUN ROAD,DUBLIN 9,,,Dublin,MULTI DENOMINATIONAL,N,N,N,121,107,228,315282,238234,-6.26733,53.3817
896,19889J,SCOIL COLM,ARMAGH ROAD,CRUMLIN,DUBLIN 12,,Dublin,CATHOLIC,N,Y,N,119,0,119,312837,231349,-6.30651,53.3204
897,19896G,SCOIL CAITRIONA NA MBRAITHRE,BAGGOT ST,DUBLIN 2,,,Dublin,CATHOLIC,N,Y,N,49,42,91,316902,233182,-6.24486,53.336
898,19907I,GAELSCOIL MOLOGA,BOTHAR CHLAREVILLE,BAILE ATHA CLIATH 6W,,,Dublin,CATHOLIC,N,N,N,107,109,216,314319,231020,-6.2844,53.3171
899,19913D,ST JOSEPHS NS,MACROOM ROAD,BONNYBROOK,DUBLIN 17,,Dublin,CATHOLIC,N,Y,N,172,163,335,319566,240142,-6.20225,53.3979
900,19919P,ST DAVIDS N S,KILMORE ROAD,ARTANE,DUBLIN 5,,Dublin,CATHOLIC,N,N,N,329,0,329,318668,238750,-6.21627,53.3856
901,19920A,ST JOHN OF GOD N S,KILMORE ROAD,ARTANE,DUBLIN 5,,Dublin,CATHOLIC,N,Y,N,0,178,178,318652,239177,-6.21635,53.3894
902,19924I,HAROLDS CROSS N S,HAROLDS CROSS,DUBLIN 6W,,,Dublin,CATHOLIC,N,Y,N,155,116,271,314293,231021,-6.28479,53.3171
903,19926M,GAELSCOIL CHOLAISTE MHUIRE,4 CEARNOG PHARNELL,B.A.C. 1,,,Dublin,CATHOLIC,N,N,N,94,98,192,315771,235090,-6.26113,53.3534
904,19928Q,RANELAGH MULTI DENOM NS,RANELAGH ROAD,DUBLIN 6,,,Dublin,MULTI DENOMINATIONAL,N,N,N,124,112,236,316137,232116,-6.25673,53.3266
905,19929S,ST BRIGIDS SENIOR GIRLS,FINGLAS WEST,DUBLIN 11,,,Dublin,CATHOLIC,N,Y,N,11,167,178,312487,238651,-6.30917,53.386
906,19933J,SCOIL TREASA NAOFA,PETRIE ROAD,DONORE AVENUE,DUBLIN 8,,Dublin,CATHOLIC,N,Y,N,85,63,148,314673,232934,-6.2784,53.3342
907,19935N,SCOIL EOIN,GREENDALE ROAD,DUBLIN 5,,,Dublin,CATHOLIC,N,Y,N,109,96,205,322667,238984,-6.1561,53.3868
908,19946S,RUTLAND STREET N S,LOWER RUTLAND STREET,DUBLIN 1,,,Dublin,CATHOLIC,N,Y,N,66,64,130,316406,235196,-6.25156,53.3542
909,19954R,NORTH BAY EDUCATE TOGETHER NS,GREENDALE AVENUE,KILBARRACK,DUBLIN 5,,Dublin,MULTI DENOMINATIONAL,N,N,N,98,110,208,322972,238805,-6.15159,53.3851
910,19981U,ST MARYS N S,WINDSOR AVE,FAIRVIEW,DUBLIN 3,,Dublin,CATHOLIC,N,Y,N,56,165,221,317327,236307,-6.23732,53.3639
911,20012S,GRIFFITH BARRACKS MULTI D SCHOOL,THE OLD GUARDHOUSE,GRIFFITH COLLEGE,SOUTH CIRCULAR ROAD,DUBLIN 8,Dublin,MULTI DENOMINATIONAL,N,N,N,122,120,242,314643,232558,-6.27898,53.3309
912,20014W,ST AGNES N S,ARMAGH ROAD,CRUMLIN,DUBLIN 12,,Dublin,CATHOLIC,N,Y,N,80,193,273,312854,231206,-6.30631,53.3191
913,20015B,GAELSCOIL BHAILE MUNNA,187 BOTHAR CHOULTRAI,BAILE MUNNA,BAILE ATHA CLIATH 9,,Dublin,CATHOLIC,N,Y,N,88,98,186,316066,240047,-6.25488,53.3978
914,20029M,ST BRIGIDS INFANT N S,WELLMOUNT AVENUE,FINGLAS WEST,DUBLIN 11,,Dublin,CATHOLIC,N,Y,N,98,107,205,312540,238682,-6.30836,53.3863
915,20035H,ST GABRIELS N S,COWPER STREET,DUBLIN 7,,,Dublin,CATHOLIC,N,Y,N,84,59,143,313868,235074,-6.28971,53.3536
916,20047O,GAELSCOIL BHARRA,NAOMH FIONNBARRA C.L.G.,ASCAL AN FHASAIGH,AN CHABRACH,BAC 7,Dublin,CATHOLIC,N,N,N,101,109,210,313920,236282,-6.28849,53.3645
917,20048Q,GAELSCOIL LIOS NA NOG,Áras Cullenswood,21A Bóthar Oalkey,Ranallagh,BÁC 6,Dublin,CATHOLIC,N,N,N,99,139,238,316210,231601,-6.25582,53.3219
918,20052H,GAELSCOIL CHOLMCILLE,Lána na Cúlóige,Baile Átha Cliath 17,,,Dublin,CATHOLIC,N,N,N,102,128,230,317751,239862,-6.22963,53.3958
919,20059V,MOTHER OF DIVINE GRACE,HOLY FAITH NS,FERNDALE AVE,BALLYGALL,DUBLIN 11,Dublin,CATHOLIC,N,Y,N,228,222,450,313995,238693,-6.2865,53.3861
920,20064O,OUR LADY OF CONSOLATION NS,COLLINS AVE EAST,DONNYCARNEY,DUBLIN 5,,Dublin,CATHOLIC,N,Y,N,91,153,244,318725,237478,-6.21589,53.3741
921,20091R,ST PETERS NS,PHIBSBORO,DUBLIN 7,,,Dublin,CATHOLIC,N,Y,N,240,216,456,314786,235976,-6.2756,53.3615
922,20092T,ST ULTANS NS,CHERRY ORCHARD,DUBLIN 10,,,Dublin,CATHOLIC,N,Y,N,226,180,406,308371,233046,-6.37293,53.3366
923,20103V,JOHN SCOTTUS NS,NORTHUMBERLAND ROAD,DUBLIN 4,,,Dublin,MULTI DENOMINATIONAL,N,N,N,114,138,252,317473,232998,-6.23636,53.3342
924,20104A,ST AUDOENS NS,COOK STREET,DUBLIN 8,,,Dublin,CATHOLIC,N,Y,N,98,87,185,314979,234040,-6.2734,53.3441
925,20131D,EDUCATE TOGETHER NS,Fitzwilliam Place North,Grangegorman Lower,Dublin 7,,Dublin,MULTI DENOMINATIONAL,N,N,N,204,176,380,314215,235242,-6.28444,53.3551
926,20139T,INCHICORE NS,SARSFIELD ROAD,INCHICORE,DUBLIN 10,,Dublin,CATHOLIC,N,Y,N,114,105,219,311941,233641,-6.31914,53.3412
927,20152L,NORTH DUBLIN MUSLIM NS PROJECT,Ratoath Road,Cabra,Dublin 7,,Dublin,MUSLIM,N,N,N,109,119,228,313104,236142,-6.30079,53.3634
928,20168D,GLASNEVIN EDUCATE TOGETHER NS,CHURCH AVENUE,GLASNEVIN,DUBLIN 9,,Dublin,MULTI DENOMINATIONAL,N,N,N,121,109,230,315251,237633,-6.26801,53.3763
929,20220C,GAELSCOIL UI EARCAIN,Bothar Glas an Ein,Fionnghlas,,B.A.C. 11,Dublin,CATHOLIC,N,Y,N,119,116,235,312405,239108,-6.31024,53.3902
930,20228S,ST LAURENCE O TOOLES GIRLS SCHOOL,49 SEVILLE PLACE,NORTH WALL,DUBLIN 1,,Dublin,CATHOLIC,N,Y,N,0,86,86,316998,235082,-6.24271,53.353
931,20281W,St Benedicts and St Marys National School,Grange Park,Raheny,Dublin 5,,Dublin,CATHOLIC,N,Y,N,74,75,149,322183,239127,-6.16332,53.3882
932,20304I,St. Francis of Assisi National School,Belmayne,Dublin 13,,,Dublin,CATHOLIC,N,N,N,149,157,306,322057,241379,-6.16434,53.4084
933,20308Q,Belmayne Educate Together National School,Balgriffin Park,Belmayne,Dublin 13,,Dublin,MULTI DENOMINATIONAL,N,Y,N,141,154,295,321979,241340,-6.16553,53.4081
934,20338C,Holy Child National School,Larkhill Road,Whitehall,Dublin 9-,,Dublin,CATHOLIC,N,N,N,125,301,426,316813,238717,-6.24415,53.3857
935,20391G,De La Salle National School,Ballyfermot,Dublin 10,,,Dublin,CATHOLIC,N,Y,N,279,0,279,309664.93,233985.5,-6.35318,53.3447
936,20397S,St Louise de Marillac Primary School,Drumfinn Road,Ballyfermot,Co Dublin,,Dublin,CATHOLIC,N,Y,N,40,314,354,309296,234336,-6.3586,53.348
937,20429F,ST. JAMES'S PRIMARY SCHOOL,Basin Lane,James' Street,Dublin 8.,,Dublin,CATHOLIC,N,Y,N,130,113,243,313934.26,233612.25,-6.28924,53.3405
938,20430N,Portobello Educate Together School,16 Harcourt Terrace,Dublin 2,,,Dublin,MULTI DENOMINATIONAL,N,N,N,19,22,41,316136.12,232673.44,-6.25654,53.3316
939,20436C,St Mary's Primary School,Dorset Street,Dublin 7,,,Dublin,CATHOLIC,N,Y,N,85,89,174,315626.12,235656.37,-6.2631,53.3585
940,20437E,St Laurence's National School,Brookstone Road,Baldoyle,Dublin 13,,Dublin,CATHOLIC,N,N,N,199,196,395,324221.45,240103.51,-6.13231,53.3965
941,02872U,St. Mary's National School,Lamb's Cross,Sandyford,Dublin 18,,Dublin,CATHOLIC,N,N,N,113,144,257,318189,225198,-6.22852,53.264
942,05600C,CLOCHAR SAN DOMINIC,DUNLAOGHAIRE,CO DUBLIN,,,Dublin,CATHOLIC,N,Y,N,84,76,160,324207,228468,-6.13709,53.292
943,06200O,BOOTERSTOWN BOYS,BOOTERSTOWN,BLACKROCK,CO DUBLIN,,Dublin,CATHOLIC,N,N,N,248,0,248,320102,230229,-6.19796,53.3087
944,10494K,ALL SAINTS N S,CARYSFORT AVE,BLACKROCK,CO DUBLIN,,Dublin,CHURCH OF IRELAND,N,N,N,35,26,61,321361,228079,-6.1799,53.2891
945,11873A,RATHMICHAEL N S,RATHMICHAEL,SHANKILL,CO DUBLIN,,Dublin,CHURCH OF IRELAND,N,N,N,109,116,225,325061,222248,-6.12673,53.2359
946,14586M,CARYSFORT NS,CONVENT ROAD,BLACKROCK,CO DUBLIN,,Dublin,CATHOLIC,N,N,N,259,265,524,321194,228936,-6.18208,53.2969
947,14647G,DALKEY N S (2),DALKEY,CO DUBLIN,,,Dublin,CHURCH OF IRELAND,N,N,N,49,50,99,326575,227347,-6.10204,53.2813
948,15132B,HAROLD BOYS N S,DALKEY,CO DUBLIN,,,Dublin,CATHOLIC,N,N,N,121,0,121,326540,226992,-6.10271,53.2782
949,15284B,TANEY N S,SYDENHAM VILLAS,DUNDRUM,DUBLIN 14,,Dublin,CHURCH OF IRELAND,N,N,N,246,197,443,317536,227909,-6.2373,53.2885
950,16352U,ST BRIGIDS BOYS N S,FOXROCK,DUBLIN 18,118,,Dublin,CATHOLIC,N,N,N,489,0,489,322194,225819,-6.16828,53.2686
951,16353W,ST BRIGIDS GIRLS N S,The Park,Cabinteely,Dublin 18,,Dublin,CATHOLIC,N,N,N,0,548,548,322186,225849,-6.16839,53.2689
952,16629O,KILTERNAN CHURCH OF IRELAND NS,KILTERNAN,CO DUBLIN,118,,Dublin,CHURCH OF IRELAND,N,N,N,113,113,226,320205,222862,-6.1992,53.2425
953,16794G,ST BRIGIDS N S,MERVILLE  RD,STILLORGAN,BLACKROCK.  CO. DUBLIN,134,Dublin,CHURCH OF IRELAND,N,N,N,46,50,96,320317,227601,-6.19573,53.2851
954,16893I,S N NAOMH LORCAN,STILLORGAN,KILMACUD,CO DUBLIN,134,Dublin,CATHOLIC,N,N,N,457,0,457,319613,227941,-6.20615,53.2883
955,17470I,ST RAPHAELAS N S,UPPER KILMACUD ROAD,STILLORGAN,CO DUBLIN,134,Dublin,CATHOLIC,N,N,N,0,396,396,319776,227204,-6.20399,53.2816
956,17507F,S N PADRAIG NAOFA,GLEANN CUILLIN,CILLTIGHEARNAIN,CO ATHA CLIATH,118,Dublin,CATHOLIC,N,N,N,84,100,184,319116,220556,-6.21636,53.2221
957,17954H,SCOIL CAOIMHIN NAOFA,MOUNT MERRION,BLACKROCK,CO DUBLIN,134,Dublin,CATHOLIC,N,N,N,304,126,430,319730,228238,-6.20429,53.2909
958,17970F,OUR LADY OF MERCY CONVENT SCHOOL,ROSEMOUNT TERRACE,BOOTERSTOWN,CO. DUBLIN,,Dublin,CATHOLIC,N,N,N,0,219,219,320015,229822,-6.19942,53.3051
959,17979A,S N CNOC AINBHIL,LR KILMACUD RD,STILLORGAN/BLACKROCK,CO DUBLIN.,114,Dublin,CATHOLIC,N,N,N,0,464,464,318903,227998,-6.21677,53.289
960,18451J,SCOIL LORCAIN,CEARNOG EATON,BAILE NA MANACH,CO ATHA CLIATH,,Dublin,CATHOLIC,N,N,N,256,232,488,322413,228914,-6.16381,53.2964
961,18647D,S N SAN TREASA,THE RISE,MT MERRION,CO DUBLIN,,Dublin,CATHOLIC,N,N,N,244,200,444,319401,228641,-6.20907,53.2946
962,18806U,KILTERNAN N S 1,KILTERNAN,CO DUBLIN,,,Dublin,CATHOLIC,N,N,N,179,150,329,320500,222083,-6.19507,53.2355
963,18886V,KILL-O'-THE-GRANGE NS,DEANSGRANGE,BLACKROCK,CO DUBLIN,,Dublin,CHURCH OF IRELAND,N,N,N,114,107,221,322658,226870,-6.16092,53.278
964,19066L,LORETO NATIONAL SCHOOL,DALKEY,CO DUBLIN,,,Dublin,CATHOLIC,N,N,N,81,292,373,326689,227211,-6.10039,53.2801
965,19258U,SCOIL PADRAIG NAOFA B,Hollypark,Blackrock,Co Dublin,,Dublin,CATHOLIC,N,N,N,606,0,606,321782,227067,-6.17398,53.2799
966,19259W,ST PATRICKS GNS,FOXROCK AVE,FOXROCK,DUBLIN 18,,Dublin,CATHOLIC,N,N,N,0,538,538,321748,227004,-6.17451,53.2794
967,19314E,SCOIL NA MAIGHDINE MHUIRE BOY,BROADFORD RISE,BALINTEER,DUBLIN 16,,Dublin,CATHOLIC,N,N,N,234,0,234,316256,226378,-6.25704,53.275
968,19319O,ST OLAFS N S,BALALLY DRIVE,DUNDRUM,DUBLIN 16,,Dublin,CATHOLIC,N,N,N,233,207,440,318344,227244,-6.22543,53.2823
969,19320W,OUR LADY OF GOOD COUNSEL BOYS N S,JOHNSTOWN,DUN LAOGHAIRE,CO DUBLIN,,Dublin,CATHOLIC,N,N,N,438,0,438,324249,225395,-6.13766,53.2644
970,19321B,OUR LADY GOOD COUNSEL GNS,JOHNSTOWN,DUN LAOGHAIRE,CO DUBLIN,,Dublin,CATHOLIC,N,N,N,9,446,455,324228,225316,-6.138,53.2636
971,19335M,SCOIL NA AINGEAL,NEWTOWNPARK AVE,BLACKROCK,CO DUBLIN,,Dublin,CATHOLIC,N,N,N,218,212,430,321980,228444,-6.17048,53.2923
972,19374W,Our lady's Grove Primary School,"Goatstown Road,",Dublin 14,,,Dublin,CATHOLIC,N,N,N,204,228,432,317670,229164,-6.23482,53.2997
973,19396J,NA MAIGHDINE MUIRE GIRL,BALLINTEER,DUBLIN 16,,,Dublin,CATHOLIC,N,N,N,0,277,277,316258,226354,-6.25702,53.2748
974,19400U,SN GLEN NA GCAORACH,WYVERN,KILLINEY RD,KILLINEY,CO DUBLIN,Dublin,CHURCH OF IRELAND,N,N,N,123,121,244,325760,225972,-6.1148,53.2692
975,19437U,SCOIL NAITHI,BAILE AN TSAOIR,DUM DROMA,BAILE ATHA CLIATH 16,,Dublin,CATHOLIC,N,N,N,123,111,234,316002,227155,-6.26057,53.282
976,19438W,SCOIL COLMCILLE SENIOR,WYATTVILLE,BALLYBRACK,CO DUBLIN,,Dublin,CATHOLIC,N,Y,N,98,95,193,324547,224302,-6.13362,53.2545
977,19497P,SCOIL MHUIRE,SHANKILL,CO DUBLIN,,,Dublin,CATHOLIC,N,Y,N,170,138,308,325449,222264,-6.12092,53.236
978,19537B,ST ATTRACTAS JUNIOR N S,MEADOWBROOK,DUNDRUM,DUBLIN 16,,Dublin,CATHOLIC,N,N,N,170,169,339,316353,227012,-6.25536,53.2807
979,19612M,DALKEY SCHOOL PROJECT,GLENAGEARY LODGE,GLENAGEARY,CO DUBLIN,,Dublin,MULTI DENOMINATIONAL,N,N,N,143,95,238,324594,226535,-6.13204,53.2745
980,19641T,ST COLMCILLE JUN NS,WYATTVILLE,BALLYBRACK,CO DUBLIN,,Dublin,CATHOLIC,N,Y,N,86,78,164,324540,224255,-6.13375,53.254
981,19716B,ST ATTRACTAS SENIOR N S,MEADOWBROOK,DUNDRUM,DUBLIN 14,,Dublin,CATHOLIC,N,N,N,170,160,330,316393,227058,-6.25474,53.2811
982,19723V,QUEEN OF ANGELS PRIMARY SCHOOL,WEDGEWOOD,DUNDRUM,DUBLIN 16,,Dublin,CATHOLIC,N,Y,N,127,118,245,318385,226551,-6.22508,53.2761
983,19840C,HOLY FAMILY SCHOOL,DUNEDIN PARK,MONKSTOWN,CO DUBLIN,,Dublin,CATHOLIC,N,Y,N,44,64,108,323177,227786,-6.15279,53.2861
984,19888H,ST ANNES MXD N S,STONEBRIDGE ROAD,SHANKILL,CO DUBLIN,,Dublin,CATHOLIC,N,N,N,237,241,478,324981,222037,-6.12801,53.234
985,19901T,BOOTERSTOWN N S,CROSS AVE,BLACKROCK,CO DUBLIN,,Dublin,CHURCH OF IRELAND,N,N,N,43,54,97,320654,229305,-6.19003,53.3003
986,19904C,HOLY CROSS N S,UPPER KILMACUD ROAD,DUNDRUM,DUBLIN 14,,Dublin,CATHOLIC,N,N,N,112,99,211,317329,227882,-6.24041,53.2883
987,19922E,OUR LADYS N S,ST COLUMBANUS ROAD,MILLTOWN,DUBLIN 14,,Dublin,CATHOLIC,N,Y,N,96,84,180,316723,229327,-6.24896,53.3014
988,19938T,ST JOSEPHS,TIVOLI ROAD,DUN LAOGHAIRE,CO DUBLIN,,Dublin,CATHOLIC,N,Y,N,64,42,106,324094,227850,-6.13902,53.2864
989,19939V,SCOIL NAISIUNTA AN DEA AOIRE,WHITEHALL ROAD,CHURCHTOWN,DUBLIN 14,,Dublin,CATHOLIC,N,Y,N,103,77,180,315441,228407,-6.26852,53.2934
990,19945Q,RATHFARNHAM EDUCATE TOGETHER,LORETO AVENUE,RATHFARNHAM,DUBLIN 14,,Dublin,MULTI DENOMINATIONAL,N,N,N,104,122,226,315103,228199,-6.27366,53.2916
991,19949B,ISLAMIC NATIONAL SCHOOL,19 ROEBUCK ROAD,CLONSKEAGH,DUBLIN 14,,Dublin,MUSLIM,N,N,N,140,149,289,317763,229613,-6.23326,53.3037
992,19960M,ST JOHNS N S,BALLYBRACK,CO DUBLIN,,,Dublin,CATHOLIC,N,Y,N,82,74,156,324965,224465,-6.1273,53.2558
993,19979K,ST KEVINS N S,SALLYNOGGIN,CO DUBLIN,,,Dublin,CATHOLIC,N,Y,N,69,65,134,324236,226719,-6.13734,53.2762
994,20020R,GAELSCOIL THAOBH NA COILLE,Beallairmín,An Chéim,B.A.C. 18,,Dublin,CATHOLIC,N,N,N,201,180,381,319145,224703,-6.21438,53.2593
995,20056P,GAELSCOIL PHADRAIG,ASCAILL SHILEANN,BAILE BREAC,CO ATHA CLIATH,,Dublin,CATHOLIC,N,N,N,79,67,146,325231,223617,-6.12365,53.2482
996,20060G,MONKSTOWN EDUCATE TOGETHER NS,Kill Avenue,Dun Laoghaire,Co. Dublin,,Dublin,MULTI DENOMINATIONAL,N,N,N,196,183,379,323407,227174,-6.14958,53.2805
997,20141G,THE HAROLD SCHOOL,EDEN ROAD,GLASTHULE,CO DUBLIN,,Dublin,CATHOLIC,N,N,N,311,319,630,325055,227806,-6.12464,53.2858
998,20190T,HOLY TRINITY NATIONAL SCHOOL,Glencairn,Leopardstown,Dublin 18,,Dublin,CATHOLIC,N,N,N,196,154,350,320401,224986,-6.19546,53.2616
999,20218P,ARCHBISHOP MCQUAID NATIONAL SCHOOL,LOUGHLINSTOWN,DUN LAOGHAIRE,CO DUBLIN.,,Dublin,CATHOLIC,N,Y,N,65,55,120,325079,223468,-6.12598,53.2469
1000,20400E,Ballinteer Educate Together National School,C/O St Tiernan's Community School,Parkvale,Balally,,Dublin,MULTI DENOMINATIONAL,N,N,N,33,26,59,317493.78,227163.92,-6.2382,53.2818
1001,20401G,Stepaside Educate Together National School,Kirwin Park,Kiltiernan,,Co Dublin,Dublin,MULTI DENOMINATIONAL,N,N,N,21,21,42,320269.83,223210.13,-6.1981,53.2456
1002,20425U,Gaelscoil Shliabh Rua,Balloyogan Road,Stepaside,Co. Dublin,,Dublin,MULTI DENOMINATIONAL,N,N,N,5,3,8,320261.47,223137.42,-6.19825,53.245
1003,00697S,ST BRIGIDS MXD N S,CASTLEKNOCK,DUBLIN 15,,,Dublin,CATHOLIC,N,N,N,521,426,947,309052,237325,-6.36123,53.3749
1004,01170G,S N NA H-AILLE,THE NAUL,CO DUBLIN,,,Dublin,CATHOLIC,N,N,N,55,52,107,313601,260123,-6.28467,53.5787
1005,09492W,BALSCADDEN N S,BALSCADDEN,RING COMMONS,CO DUBLIN,,Dublin,CATHOLIC,N,N,N,118,101,219,317040,264261,-6.23121,53.6151
1006,09642P,BURROWS N S,SUTTON,DUBLIN 13,,,Dublin,CHURCH OF IRELAND,N,N,N,105,114,219,326433,239560,-6.0993,53.3911
1007,10296G,SCOIL NAOMH MEARNOG,STRAND ROAD,PORTMARNOCK,CO DUBLIN,,Dublin,CATHOLIC,N,N,N,224,188,412,324034,242941,-6.13401,53.422
1008,11583O,ST ANDREWS N S,MALAHIDE,CO DUBLIN,,,Dublin,CHURCH OF IRELAND,N,N,N,138,86,224,322762,245880,-6.15199,53.4487
1009,12358M,SWORDS BOROUGH N S,SWORDS BOROUGH N S,SWORDS,CO DUBLIN,,Dublin,CHURCH OF IRELAND,N,N,N,59,51,110,318077,246712,-6.22217,53.4572
1010,14180H,HOLMPATRICK N S,HOLMPATRICK,SKERRIES,CO. DUBLIN,,Dublin,CHURCH OF IRELAND,N,N,N,47,44,91,325393,260511,-6.10656,53.5795
1011,15315J,ST GEORGES N S,ST GEORGES N S,The Naul Road,BALBRIGGAN,CO. DUBLIN,Dublin,CHURCH OF IRELAND,N,N,N,195,195,390,318808,263320,-6.20487,53.6062
1012,15569R,SCOIL MOIBHI,MILVERTON,SKERRIES,CO DUBLIN,,Dublin,CATHOLIC,N,N,N,44,51,95,322788,258769,-6.14656,53.5644
1013,15650A,CORDUFF N S,LUSK,CO DUBLIN,,,Dublin,CATHOLIC,N,N,N,56,55,111,320065,253364,-6.18971,53.5165
1014,16267G,ST PATRICKS BOYS NATIONAL SCHOOL,PORTRANE ROAD,DONABATE,CO. DUBLIN,,Dublin,CATHOLIC,N,N,N,383,0,383,323744,250811,-6.13528,53.4927
1015,16332O,ST PATRICKS SNR MIXED,SKERRIES,CO DUBLIN,137,,Dublin,CATHOLIC,N,N,N,171,169,340,325224,260320,-6.10919,53.5778
1016,16333Q,ST PATRICKS JNR MIXED,SKERRIES,CO DUBLIN,137,,Dublin,CATHOLIC,N,N,N,171,173,344,325274,260327,-6.10843,53.5778
1017,16675V,SCOIL NAOMH LUCAIS,HOLLYWOOD ROAD,TYRELLSTOWN,DUBLIN 15,115,Dublin,CATHOLIC,N,N,N,242,254,496,306947,241687,-6.39138,53.4145
1018,16844S,SCOIL N. BREANDAN,LOUGHSHINNY,SKERRIES,CO DUBLIN,137,Dublin,CATHOLIC,N,N,N,99,117,216,326643,256845,-6.08918,53.5462
1019,16970A,ST MOLAGA SENIOR NS,BREMORE,BALBRIGGAN,CO DUBLIN,139,Dublin,CATHOLIC,N,N,N,239,209,448,319802,264392,-6.18945,53.6156
1020,16972E,S N PEADAR AGUS POL N,BALBRIGGAN,CO DUBLIN,139,,Dublin,CATHOLIC,N,N,N,253,207,460,319946,263741,-6.18752,53.6097
1021,17263D,S N MUIRE AN SEAN BAILE,SEAN BHAILE,CO DUBLIN,,,Dublin,CATHOLIC,N,N,N,33,26,59,311567,254017,-6.31754,53.5243
1022,17472M,BAILE FALBACH,LUSK,CO DUBLIN,133,,Dublin,CATHOLIC,N,N,N,46,46,92,318850,257116,-6.20659,53.5505
1023,17559B,S N MHUIRE,GARRISTOWN,CO DUBLIN,143,,Dublin,CATHOLIC,N,N,N,125,113,238,307056,258178,-6.38412,53.5626
1024,17569E,BLESSED OLIVER N S,BAILE AN RIDIRE,BAILE BRIGIN,CO ATHA CLIATH,139,Dublin,CATHOLIC,N,N,N,175,167,342,320178,261483,-6.18489,53.5894
1025,17595F,CILL COSCAIN,THE WARD,CO DUBLIN,,,Dublin,CATHOLIC,N,N,N,53,49,102,309986,247209,-6.34376,53.4634
1026,17785K,SAN NIOCLAS MYRA,KINSEALY,DUBLIN 17,117,,Dublin,CATHOLIC,N,N,N,75,54,129,321309,242715,-6.17507,53.4206
1027,17820J,BRIGHDE NAOFA,BAILE ROTHLUIS,KILSALLAGHAN,CO DUBLIN,131,Dublin,CATHOLIC,N,N,N,164,123,287,312920,250340,-6.29847,53.4909
1028,17914S,ST OLIVER PLUNKETT,ST OLIVER PLUNKETT NS,GROVE ROAD,MALAHIDE,CO DUBLIN,Dublin,CATHOLIC,N,N,N,449,472,921,322916,245607,-6.14978,53.4462
1029,17928G,SN N SAILBHEASTAR NFA,MALAHIDE,CO DUBLIN,123,,Dublin,CATHOLIC,N,N,N,214,198,412,322067,245928,-6.16243,53.4493
1030,17961E,S N LUSCA,LUSK,CO DUBLIN,133,,Dublin,CATHOLIC,N,N,N,404,390,794,321539,254788,-6.16694,53.529
1031,18038B,ST MARGARETS N S,ST MARGARETS,CO.DUBLIN.,,,Dublin,CATHOLIC,N,N,N,48,38,86,313011,243553,-6.29954,53.43
1032,18046A,SCOIL BRIDE B,BLANCHARDSTOWN,DUBLIN 15,,,Dublin,CATHOLIC,N,N,N,322,0,322,308288,238339,-6.37236,53.3841
1033,18047C,SCOIL BRIDE C,BLANCHARDSTOWN,DUBLIN 15,,,Dublin,CATHOLIC,N,N,N,0,321,321,308241,238360,-6.37306,53.3843
1034,18080A,SCOIL MHUIRE MXD,TUCKETTS LANE,HOWTH,CO DUBLIN,,Dublin,CATHOLIC,N,N,N,152,146,298,328539,238849,-6.06794,53.3842
1035,18412W,S N C NAOMH PADRAIG,DONABATE,CO DUBLIN,,,Dublin,CATHOLIC,N,N,N,0,433,433,323788,250786,-6.13462,53.4925
1036,18623M,SCOIL NAISUNTA CHNUACHA,CASTLEKNOCK,DUBLIN 15,,,Dublin,CHURCH OF IRELAND,N,N,N,110,107,217,309049,237227,-6.36131,53.374
1037,18778S,S N NAOMH MOCHTA,CLONSILLA,DUBLIN 15,,,Dublin,CATHOLIC,N,N,N,463,429,892,306174,238030,-6.40423,53.3818
1038,18976W,S N CHOLMILLE B,SWORDS,CO DUBLIN,,,Dublin,CATHOLIC,N,N,N,395,0,395,318630,246841,-6.2138,53.4583
1039,18977B,S N CHOLMCILLE C,SWORDS,CO DUBLIN,,,Dublin,CATHOLIC,N,N,N,0,453,453,318658,246751,-6.21341,53.4574
1040,19001G,BALLYBOGHILL N S,BALLYBOGHILL,CO DUBLIN,,,Dublin,CATHOLIC,N,N,N,98,97,195,315009,253727,-6.26577,53.5209
1041,19393D,MHUIRE IOSEF JUNIOR,VERBENA ESTATE,DUBLIN 13,,,Dublin,CATHOLIC,N,N,N,232,214,446,323322,239285,-6.14614,53.3893
1042,19435Q,ST FRANCIS XAVIER J N S,ROSELAWN ROAD,CASTLEKNOCK,DUBLIN 15,,Dublin,CATHOLIC,N,N,N,224,178,402,307630,238216,-6.38229,53.3831
1043,19456B,ST CRONAN,BRACKENSTOWN,SWORDS,CO. DUBLIN,,Dublin,CATHOLIC,N,N,N,347,304,651,317188,246873,-6.23548,53.4589
1044,19470S,ST FRANCIS XAVIER SENIOR N S,COOLMINE,CASTLEKNOCK,DUBLIN 15,,Dublin,CATHOLIC,N,N,N,186,179,365,307632,238133,-6.38229,53.3824
1045,19505L,SN OILIBHEIR,BAILE AN BHLACAIGH,CLUAIN SAILEACH,BAILE ATHA CLIATH 15,,Dublin,CATHOLIC,N,N,N,138,121,259,306651,238639,-6.39686,53.3871
1046,19515O,SN NAOMH TREASA,BAILE BRIGIN,CO ATH CLIATH,,,Dublin,CATHOLIC,N,Y,N,237,236,473,320922,263053,-6.17305,53.6033
1047,19533Q,S N MUIRE AGUS IOSEF,BAYSIDE,SUTTON,DUBLIN 13,,Dublin,CATHOLIC,N,N,N,223,212,435,323338,239324,-6.14589,53.3897
1048,19535U,BRACKENSTOWN SENIOR N S,BRACKENSTOWN,SWORDS,CO DUBLIN,,Dublin,CATHOLIC,N,N,N,308,293,601,317255,246855,-6.23448,53.4587
1049,19545A,CORDUFF N S,CORDUFF,BLANCHARDSTOWN,DUBLIN 15,,Dublin,CATHOLIC,N,Y,N,125,133,258,308079,239946,-6.37495,53.3986
1050,19549I,ST FINTANS NS,ST FINTAN N S,CARRICKBRACK RD,SUTTON,DUBLIN 13,Dublin,CATHOLIC,N,N,N,223,241,464,326806,238355,-6.09417,53.3801
1051,19578P,ST HELENS JUNIOR N S,ST HELENS JUNIOR N S,MARTELLO,PORTMARNOCK,CO DUBLIN,Dublin,CATHOLIC,N,N,N,183,142,325,323931,244806,-6.13483,53.4388
1052,19601H,ST PHILIP THE APOSTLE JUNIOR N S,MOUNTVIEW,BLANCHARDSTOWN,DUBLIN 15,,Dublin,CATHOLIC,N,Y,N,136,154,290,306047,238906,-6.40584,53.3897
1053,19605P,SCOIL NAIS MHUIRE SOIS,BLAKESTOWN,MULHUDDART,DUBLIN 15,,Dublin,CATHOLIC,N,Y,N,140,137,277,306415,239765,-6.40002,53.3973
1054,19624T,SCOIL NAIS CAITRIONA,KENURE,RUSH,CO DUBLIN,,Dublin,CATHOLIC,N,N,N,159,147,306,326074,255557,-6.09828,53.5348
1055,19625V,Scoil Réalt na Mara,Balbriggan Road,Skerries,Co Dublin,,Dublin,CATHOLIC,N,N,N,218,222,440,324520,260559,-6.11971,53.5801
1056,19627C,JOHN PAUL II N S,SONESTA,MALAHIDE,CO DUBLIN,,Dublin,CATHOLIC,N,N,N,338,264,602,321670,246424,-6.16821,53.4538
1057,19636D,ST PATRICKS SENIOR SCHOOL,CORDUFF,BLANCHARDSTOWN,DUBLIN 15,,Dublin,CATHOLIC,N,Y,N,166,137,303,308006,239954,-6.37605,53.3987
1058,19643A,ST PHILIPS  SENIOR N S,MOUNTVIEW,CLONSILLA,DUBLIN 15,,Dublin,CATHOLIC,N,Y,N,163,140,303,306025,238879,-6.40618,53.3894
1059,19644C,ST CIARANS N S,HARTSTOWN,DUBLIN 15,,,Dublin,CATHOLIC,N,N,N,405,372,777,305108,239317,-6.41981,53.3935
1060,19660A,RUSH NS,RUSH,CO DUBLIN,,,Dublin,CATHOLIC,N,N,N,350,375,725,325780,253950,-6.10335,53.5204
1061,19693P,MARY QUEEN OF IRELAND N S,TOBERBURR,CO DUBLIN,,,Dublin,CATHOLIC,N,Y,N,31,37,68,313480,246057,-6.29158,53.4524
1062,19694R,SCOIL MHUIRE SIN,BLAKESTOWN,MULHUDDART,DUBLIN 15,,Dublin,CATHOLIC,N,Y,N,150,134,284,306482,239803,-6.399,53.3976
1063,19721R,HOLY FAMILY JUNIOR N S,FOREST FIELDS,SWORDS,CO DUBLIN,,Dublin,CATHOLIC,N,N,N,335,336,671,316836,246083,-6.24108,53.4519
1064,19755L,SACRED HEART N S,HUNTSTOWN,MULHUDDART,DUBLIN 15,,Dublin,CATHOLIC,N,N,N,448,421,869,305798,240310,-6.40911,53.4023
1065,19762I,ST HELENS SENIOR N S,MARTELLO,PORTMARNOCK,CO DUBLIN,,Dublin,CATHOLIC,N,N,N,121,113,234,323907,244909,-6.13515,53.4397
1066,19769W,SCOIL THOMAIS,LAUREL LODGE,CASTLEKNOCK,DUBLIN 15,,Dublin,CATHOLIC,N,N,N,348,339,687,308005,237647,-6.37685,53.378
1067,19850F,LADYSWELL N S,LADYSWELL,MULHUDDART,DUBLIN 15,,Dublin,CATHOLIC,N,Y,N,316,325,641,306988,240718,-6.39109,53.4058
1068,19877C,HOLY FAMILY SENIOR N S,FOREST FIELDS,RIVER VALLEY,SWORDS,CO DUBLIN,Dublin,CATHOLIC,N,N,N,308,273,581,316844,246121,-6.24094,53.4522
1069,19898K,GAELSCOIL AN DUINNINIGH,DRAIGHNEAN,FELTRIM SORD,CO BAILE ATHA CLIATH,,Dublin,CATHOLIC,N,N,N,163,201,364,319655,245568,-6.19886,53.4466
1070,20095C,GAELSCOIL BHRIAN BÓROIMHE,Coill na nÚll,Sord,Co. Átha Cliath,,Dublin,INTER DENOMINATIONAL,N,N,N,212,215,427,316244,248440,-6.24911,53.4732
1071,20098I,CASTLEKNOCK EDUCATE TOGETHER NS,BEECHPARK AVENUE,CASTLEKNOCK,DUBLIN 15,,Dublin,MULTI DENOMINATIONAL,N,N,N,233,203,436,308997,237865,-6.36187,53.3797
1072,20130B,ST PATRICKS NS,St. Patrick's National School,Diswellstown Road,Castleknock,DUBLIN 15,Dublin,CATHOLIC,N,N,N,394,342,736,307391,236604,-6.38643,53.3687
1073,20137P,MARY  MOTHER OF HOPE SENIOR NS,LITTLEPACE,CASTAHEANY,DUBLIN 15,,Dublin,CATHOLIC,N,N,N,232,244,476,304873,240535,-6.42294,53.4045
1074,20145O,SWORDS EDUCATE TOGETHER NS,APPLEWOOD,SWORDS,CO DUBLIN,,Dublin,MULTI DENOMINATIONAL,N,N,N,238,206,444,316225,248356,-6.24943,53.4724
1075,20161M,DONABATE/PORTRANE EDUCATE TOGETHER,BALLISK COMMON,BEAVERSTOWN ROAD,DONABATE,CO DUBLIN,Dublin,MULTI DENOMINATIONAL,N,N,N,262,231,493,323066,250415,-6.14564,53.4893
1076,20176C,RUSH AND LUSK EDUCATE TOGETHER NS,Raheny Lane,Rathmore Road,LUSK,CO DUBLIN,Dublin,MULTI DENOMINATIONAL,N,N,N,161,165,326,322269,254779,-6.15594,53.5287
1077,20186F,CASTAHEANY EDUCATE TOGETHER NS,Castaheany Educate Together NS,Ongar Village,Dublin 15,,Dublin,MULTI DENOMINATIONAL,N,Y,N,258,190,448,303651,239242,-6.44173,53.3932
1078,20201V,TYRRELSTOWN EDUCATE TOGETHER NATIONAL SCHOOL,HOLLYWOOOD ROAD,TYRRELSTOWN,DUBLIN 15,,Dublin,MULTI DENOMINATIONAL,N,N,N,312,269,581,307084,241686,-6.38932,53.4144
1079,20202A,BALBRIGGAN EDUCATE TOGETHER NS,HAMLET LANE,MOYLARAGH,CO DUBLIN,,Dublin,MULTI DENOMINATIONAL,N,Y,N,209,190,399,318745,263994,-6.20556,53.6123
1080,20231H,ST BENEDICTS NATIONAL SCHOOL,ONGAR,DUBLIN 15,,,Dublin,CATHOLIC,N,N,N,301,335,636,303773,239221,-6.43991,53.3929
1081,20241K,Scoil Choilm Community NS,Porterstown Rd,Clonsilla,Dublin 15,,Dublin,MULTI DENOMINATIONAL,N,Y,N,294,254,548,305945,237362,-6.40789,53.3758
1082,20247W,Scoil Ghrainne Community National School,Phibblestown,Dublin 15,,,Dublin,MULTI DENOMINATIONAL,N,N,N,271,242,513,304111,239777,-6.43464,53.3979
1083,20252P,GAELSCOIL BHAILE BRIGIN,Castlelands,BHAILE BRIGIN,CONTAE ATHA CLIATH,,Dublin,INTER DENOMINATIONAL,N,N,N,199,202,401,320593,262715,-6.17815,53.6004
1084,20269J,Scoil Chormaic,c/o Ardgillan Community College,Castlelands,Balbriggan,Co Dublin,Dublin,MULTI DENOMINATIONAL,N,N,N,153,123,276,320631,262815,-6.17753,53.6013
1085,20282B,Bracken Educate Together N.S.,Castlelands,Balbriggan,Co. Dublin,,Dublin,MULTI DENOMINATIONAL,N,Y,N,224,179,403,320655,262745,-6.1772,53.6006
1086,20302E,Thornleigh Educate Together National School,Thornleigh Green,Applewood Village,Swords,Co. Dublin,Dublin,MULTI DENOMINATIONAL,N,Y,N,143,112,255,317333,248344,-6.23275,53.4721
1087,20307O,Skerries Educate Together National School,Barnageeragh Cove,Kellys Bay,Skerries,County Dublin,Dublin,MULTI DENOMINATIONAL,N,Y,N,117,120,237,323597,260869,-6.13352,53.5831
1088,20309S,Mary Mother of Hope Junior National School,Littlepace,Castaheany,Dublin 15,,Dublin,CATHOLIC,N,N,N,245,215,460,304816,240500,-6.42381,53.4042
1089,20334R,Gaelscoil Ros Eo,Gaelscoil Ros Eo,St Maurs GAA,Rush,Co. Dublin,Dublin,MULTI DENOMINATIONAL,N,N,N,69,64,133,325627,255232,-6.10515,53.532
1090,20348F,Holywell Educate Together National School,Holywell Road,Nevinstown,Swords,Co Dublin,Dublin,MULTI DENOMINATIONAL,N,N,N,174,152,326,319040,245293,-6.20821,53.4443
1091,20383H,Hansfield Educate Together National School,Littlepace,Clonee,Dublin 15,,Dublin,MULTI DENOMINATIONAL,N,N,N,83,58,141,304651.63,240544.02,-6.42627,53.4047
1092,20384J,Powerstown Educate Together National School,Powerstown Road,Tyrrelstown,Dublin 15,,Dublin,MULTI DENOMINATIONAL,N,N,N,50,45,95,307155.86,241669.76,-6.38824,53.4143
1093,20394M,Gaelscoil an Chuilinn,Bóthar Bhaile an Phaoraigh,Baile an Tirialaigh,Baile Átha Cliath 15,,Dublin,INTER DENOMINATIONAL,N,N,N,24,28,52,307121.45,241682.78,-6.38875,53.4144
1094,00714P,LUCAN B N S,LUCAN,CO DUBLIN,,,Dublin,CATHOLIC,N,N,N,489,0,489,303669,235478,-6.4427,53.3593
1095,00729F,CLOCHAR LORETO N S,GRANGE ROAD,RATHFARNHAM,DUBLIN 14,,Dublin,CATHOLIC,N,N,N,0,527,527,314824,228129,-6.27787,53.291
1096,03359N,BALLYROAN    B N S,BALLYROAN,RATHFARNHAM,DUBLIN 16,,Dublin,CATHOLIC,N,N,N,359,0,359,313796,227566,-6.29348,53.2862
1097,11638N,WHITECHURCH NAT SCHOOL,WHITECHURCH,RATHFARNHAM,DUBLIN 16,,Dublin,CHURCH OF IRELAND,N,N,N,64,92,156,314646,225971,-6.28132,53.2717
1098,12014D,ST ANDREWS N S,LUCAN,CO DUBLIN,,,Dublin,CHURCH OF IRELAND,N,N,N,141,138,279,303938,235560,-6.43863,53.36
1099,13217W,HOLY FAMILY NATIONAL SCHOOL,RATHCOOLE,CO DUBLIN,,,Dublin,CATHOLIC,N,N,N,317,284,601,301724,226601,-6.47475,53.28
1100,13447Q,SCOIL MHUIRE,LUCAN,CO DUBLIN,,,Dublin,CATHOLIC,N,N,N,0,685,685,303915,235411,-6.43903,53.3587
1101,14939T,RATHFARNHAM PARISH N S,WASHINGTON LANE,TEMPLEOGUE,DUBLIN 14,,Dublin,CHURCH OF IRELAND,N,N,N,122,111,233,313178,228326,-6.30247,53.2932
1102,16461C,CAISLEAIN NUA LIAMHNA,NEWCASTLE LYONS,CO DUBLIN,128,,Dublin,CATHOLIC,N,N,N,218,177,395,299913,228668,-6.50124,53.2989
1103,16983J,S N NAOMH CILLIN,"ROBINHOOD RD., BLUEBELL",INCHICORE,DUBLIN 12,112,Dublin,CATHOLIC,N,Y,N,11,12,23,310272,231787,-6.34484,53.3249
1104,17055T,S N  NAOMH MHUIRE,SAGGART,CO DUBLIN,130,,Dublin,CATHOLIC,N,N,N,240,242,482,303834,226479,-6.44317,53.2785
1105,17899C,SCOIL CARMEL,TEACH GIUISE,TALLAGHT,DUBLIN 24,124,Dublin,CATHOLIC,N,N,N,229,218,447,310942,227354,-6.33634,53.2849
1106,17953F,S N BHAILE EAMONN,RATHFARNHAM,DUBLIN 14,114,,Dublin,CATHOLIC,N,N,N,43,47,90,313508,225593,-6.2985,53.2685
1107,17996A,GLEN NA SMOL N S,GLEN NA SMAL,TALLAGHT,DUBLIN 24,124,Dublin,CATHOLIC,N,N,N,36,40,76,309688,222907,-6.35666,53.2452
1108,18173H,S N BRIOTAS,BRITTAS,CO DUBLIN,,,Dublin,CATHOLIC,N,N,N,55,47,102,303390,221610,-6.4514,53.2348
1109,18323A,SCOIL LORCAIN B,PALMERSTOWN,DUBLIN 20,,,Dublin,CATHOLIC,N,N,N,371,0,371,308655,234793,-6.36807,53.3522
1110,18324C,SCOIL BRIDE C,PALMERSTOWN,DUBLIN 20,,,Dublin,CATHOLIC,N,N,N,0,352,352,308615,234756,-6.36868,53.3519
1111,18411U,ST MARYS SCHOOL,GREENHILLS ROAD,TALLAGHT,DUBLIN 24,,Dublin,CATHOLIC,N,N,N,175,188,363,309594,227907,-6.35635,53.2901
1112,18602E,SCOIL MHUIRE,CLONDALKIN,DUBLIN 22,,,Dublin,CATHOLIC,N,N,N,121,242,363,307052,230913,-6.39344,53.3177
1113,18642Q,S N NAOMH EOIN,TOWER ROAD,CLONDALKIN,DUBLIN 22,,Dublin,CHURCH OF IRELAND,N,N,N,43,46,89,307033,231340,-6.39358,53.3215
1114,18655C,SCOIL NAOMH SEOSAMH,CLONDALKIN,DUBLIN 22,,,Dublin,CATHOLIC,N,N,N,415,0,415,307012,230845,-6.39407,53.3171
1115,19114T,ST PATRICK GNS,BALLYROAN,RATHFARNHAM,DUBLIN 16,,Dublin,CATHOLIC,N,N,N,131,365,496,313414,227547,-6.29921,53.2861
1116,19158Q,ST PETERS B N S,LIMEKILN RD,GREENHILLS,DUBLIN 12,,Dublin,CATHOLIC,N,N,N,192,0,192,311483,229584,-6.32744,53.3048
1117,19159S,ST PAULS G N S,GREENHILLS,KIMMAGE WEST,DUBLIN 12,,Dublin,CATHOLIC,N,N,N,0,260,260,311416,229980,-6.32831,53.3084
1118,19177U,ST PIUS X N S BOYS,FORTFIELD PARK,TERENURE,DUBLIN 6,,Dublin,CATHOLIC,N,N,N,520,0,520,313019,229365,-6.30449,53.3025
1119,19178W,ST PIUS X G N S,FORTFIELD PARK,TERENURE,DUBLIN 6,,Dublin,CATHOLIC,N,N,N,0,525,525,313067,229354,-6.30377,53.3024
1120,19220S,SCOIL NAOMH IDE,CLONDALKIN,DUBLIN 22,,,Dublin,CATHOLIC,N,N,N,85,212,297,307198,230849,-6.39127,53.3171
1121,19221U,SCOIL NAOMH AINE,CLONDALKIN,DUBLIN 22,,,Dublin,CATHOLIC,N,N,N,76,210,286,307197,230828,-6.3913,53.3169
1122,19390U,ST MARKS SEN NS,SPRINGFIELD,TALLAGHT,DUBLIN 24,,Dublin,CATHOLIC,N,N,N,287,231,518,307602,227494,-6.38635,53.2868
1123,19446V,SCOIL MHUIRE BOYS,GRANGE ROAD,RATHFARNHAM,DUBLIN 14,,Dublin,CATHOLIC,N,N,N,478,0,478,314477,228515,-6.28293,53.2946
1124,19462T,SCOIL MAELRUAIN JUNIOR,OLD BAWN,TALLAGHT,DUBLIN 24,,Dublin,CATHOLIC,N,N,N,233,201,434,309273,226501,-6.36164,53.2776
1125,19463V,SCOIL MAELRUAIN SENIOR,OLD BAWN,TALLAGHT,DUBLIN 24,,Dublin,CATHOLIC,N,N,N,189,174,363,309248,226518,-6.36201,53.2777
1126,19464A,SN NAOMH COLMCILLE,HOMELAWNS,TALLAGHT,DUBLIN 24,,Dublin,CATHOLIC,N,Y,N,15,23,38,309629,227394,-6.356,53.2855
1127,19465C,ST KEVINS BOYS,KILNAMANAGH,TALLAGHT,DUBLIN 24,,Dublin,CATHOLIC,N,N,N,281,0,281,309474,229120,-6.35773,53.3011
1128,19466E,ST KEVINS GIRLS,KILNAMANAGH,TALLAGHT,DUBLIN 24,,Dublin,CATHOLIC,N,N,N,0,268,268,309457,229135,-6.35798,53.3012
1129,19472W,ST MARKS JUNIOR N S,SPRINGFIELD,TALLAGHT,DUBLIN 24,,Dublin,CATHOLIC,N,N,N,311,255,566,307632,227479,-6.38591,53.2867
1130,19474D,SCOIL COLMCILLE NAOFA,KNOCKLYON,TEMPLEOGUE,DUBLIN 16,,Dublin,CATHOLIC,N,N,N,396,366,762,312363,227269,-6.31507,53.2838
1131,19490B,SCOIL MHUIRE,BALLYBODEN,DUBLIN 16,,,Dublin,CATHOLIC,N,Y,N,104,128,232,314159,226711,-6.28835,53.2784
1132,19494J,BISHOP GALVIN NS,ORWELL PARK,TEMPLEOGUE,DUBLIN 16,,Dublin,CATHOLIC,N,N,N,259,218,477,312152,228821,-6.31768,53.2978
1133,19502F,SCOIL AENGHUSA JUN NS,BALROTHERY,TALLAGHT,DUBLIN 24,,Dublin,CATHOLIC,N,Y,N,104,106,210,310382,228221,-6.34443,53.2928
1134,19503H,SCOIL CHRONAIN,SRAID MOR,RATH CUIL,CO ATHA CLIATH,,Dublin,CATHOLIC,N,N,N,139,129,268,302250,226786,-6.46681,53.2815
1135,19509T,SCOIL NANO NAGLE,BAWNOGE,CLONDALKIN,DUBLIN 22,,Dublin,CATHOLIC,N,Y,N,173,148,321,305764,231804,-6.41247,53.3259
1136,19510E,TALBOT SENIOR NS,BAWNOGE,CLONDALKIN,DUBLIN 22,,Dublin,CATHOLIC,N,Y,N,170,149,319,305781,231796,-6.41221,53.3259
1137,19541P,BELGARD HEIGHTS N S,SCOIL ARD MHUIRE,BELGARD HEIGHTS,TALLAGHT,DUBLIN 24,Dublin,CATHOLIC,N,N,N,197,179,376,307679,228750,-6.38477,53.2981
1138,19542R,ST THOMAS JUNIOR NATIONAL SCHOOL,ESKER,LUCAN,CO DUBLIN,,Dublin,CATHOLIC,N,N,N,260,251,511,303339,234255,-6.44805,53.3484
1139,19543T,SCOIL N AN CROI RO NAOFA,KILLINARDEN,TALLAGHT,DUBLIN 24,,Dublin,CATHOLIC,N,Y,N,145,137,282,307959,226362,-6.38138,53.2766
1140,19556F,ST KILLIANS JUNIOR SCHOOL,CASTLEVIEW,TALLAGHT,DUBLIN 24,,Dublin,CATHOLIC,N,N,N,136,134,270,308738,229724,-6.36856,53.3066
1141,19565G,SCOIL TREASA FIRHOUSE,SCOIL TREASA BALLYCULLEN AVE,FIRHOUSE,DUBLIN 24,,Dublin,CATHOLIC,N,N,N,203,184,387,310838,226868,-6.33806,53.2806
1142,19566I,OUR LADY QUEEN OF APOSTLES,QUEEN OF APOSTLES NS,CLONBURRIS,CLONDALKIN,DUBLIN 22,Dublin,CATHOLIC,N,Y,N,287,264,551,306573,231873,-6.40031,53.3264
1143,19569O,NEILLSTOWN N S,ST PETER APOSTLE NS,NEILLSTOWN,CLONDALKIN,DUBLIN 22,Dublin,CATHOLIC,N,Y,N,153,140,293,306570,233018,-6.39997,53.3367
1144,19574H,MARLEY GRANGE NS,DIVINE WORD NS,MARLEY GRANGE,RATHFARNHAM,DUBLIN 16,Dublin,CATHOLIC,N,N,N,247,235,482,315215,227337,-6.27229,53.2838
1145,19575J,ST MARYS JUNIOR N S,ROWLAGH,CLONDALKIN,DUBLIN 22,,Dublin,CATHOLIC,N,Y,N,122,110,232,306938,233745,-6.3942,53.3431
1146,19576L,S N AENGHUSA,SCOIL N AENGHUSA SIN,BALROTHERY,TALLAGHT,DUBLIN 24,Dublin,CATHOLIC,N,Y,N,109,88,197,310345,228166,-6.345,53.2923
1147,19577N,SCOIL IOSA,SCOIL NAIS IOSA,TYMON NORTH,TALLAGHT,DUBLIN 24,Dublin,CATHOLIC,N,Y,N,43,36,79,310697,228469,-6.33962,53.295
1148,19582G,ST MAELRUAINS  N S,KILCLARE AVENUE,JOBSTOWN,TALLAGHT,DUBLIN 24,Dublin,CHURCH OF IRELAND,N,Y,N,51,41,92,307291,226973,-6.39119,53.2822
1149,19613O,SCOIL CNOC MHUIRE SIN,KNOCKMORE AVE,KILLINARDEN,TALLAGHT,DUBLIN 24,Dublin,CATHOLIC,N,Y,N,67,62,129,307291,226219,-6.39144,53.2755
1150,19617W,ST MARTIN DE PORRES N S,AYLESBURY,OLD BAWN,TALLAGHT,DUBLIN 24,Dublin,CATHOLIC,N,N,N,224,237,461,308685,226179,-6.37057,53.2748
1151,19623R,ST PAULS JUN NS,GREENHILLS,WALKINSTOWN,DUBLIN 12,,Dublin,CATHOLIC,N,N,N,0,230,230,311473,230007,-6.32744,53.3086
1152,19642V,ST PETER APOSTLE SEN NS,NEILLSTOWN,CLONDALKIN,DUBLIN 22,,Dublin,CATHOLIC,N,Y,N,135,104,239,306491,233016,-6.40115,53.3367
1153,19646G,SCOIL SANTAIN,BOTHAR NA HABHANN MOR,TAMHLACHT,ATH CLIATH 24,,Dublin,CATHOLIC,N,Y,N,162,208,370,310263,227227,-6.34656,53.2839
1154,19647I,ST MARYS SEN N S,ROWLAGH,CLONDALKIN,DUBLIN 22,,Dublin,CATHOLIC,N,Y,N,122,103,225,306861,233690,-6.39537,53.3426
1155,19652B,AN CHROI RO NAOFA SOIS,KILLINARDEN,TALLAGHT,DUBLIN 24,,Dublin,CATHOLIC,N,Y,N,144,140,284,307994,226356,-6.38086,53.2765
1156,19658N,BISHOP SHANAHAN NS,ORWELL PARK,TEMPLEOGUE,DUBLIN 16,,Dublin,CATHOLIC,N,N,N,236,222,458,312165,228862,-6.31747,53.2982
1157,19676P,SCOIL AINE NAOFA,ESKER,LUCAN,CO DUBLIN,,Dublin,CATHOLIC,N,N,N,276,275,551,303364,234304,-6.44766,53.3489
1158,19702N,ST THOMAS JUNIOR N S,JOBSTOWN,TALLAGHT,DUBLIN 24,,Dublin,CATHOLIC,N,Y,N,222,210,432,306481,226548,-6.40347,53.2786
1159,19707A,ST RONANS N S,DEANSRATH,CLONDALKIN,DUBLIN 22,,Dublin,CATHOLIC,N,Y,N,237,208,445,304913,231461,-6.42535,53.323
1160,19742C,ST COLMCILLE SENIOR N S,KNOCKLYON,DUBLIN 16,,,Dublin,CATHOLIC,N,N,N,359,337,696,312320,227330,-6.31569,53.2844
1161,19743E,ST BERNADETTES JUNIOR N S,QUARRYVALE,CLONDALKIN,DUBLIN 22,,Dublin,CATHOLIC,N,Y,N,118,118,236,306740,234439,-6.39694,53.3494
1162,19765O,ST THOMAS SENIOR N S,JOBSTOWN,TALLAGHT,DUBLIN 24,,Dublin,CATHOLIC,N,Y,N,248,208,456,306560,226556,-6.40229,53.2786
1163,19775R,SCOIL CNOC MHUIRE JUNIOR,KNOCKMORE AVE,KILLINARDEN,TALLAGHT,DUBLIN 24,Dublin,CATHOLIC,N,Y,N,102,79,181,307327,226232,-6.3909,53.2756
1164,19782O,ST BRIGIDS N S,BROOKFIELD,TALLAGHT,DUBLIN 24,,Dublin,CATHOLIC,N,Y,N,162,169,331,306468,227476,-6.40336,53.2869
1165,19785U,ST BERNADETTES SENIOR N S,QUARRYVALE,CLONDALKIN,DUBLIN 22,,Dublin,CATHOLIC,N,Y,N,101,118,219,306775,234524,-6.39638,53.3502
1166,19799I,SACRED HEART N S,SRULEEN,CLONDALKIN,DUBLIN 22,,Dublin,CATHOLIC,N,N,N,232,206,438,306542,230523,-6.40122,53.3143
1167,19817H,ST MARYS N S,WOODVIEW,ESKER,LUCAN,CO DUBLIN,Dublin,CATHOLIC,N,N,N,219,196,415,302121,234487,-6.46626,53.3507
1168,19834H,ST AIDANS NS,BROOKFIELD,TALLAGHT,DUBLIN 24,,Dublin,CATHOLIC,N,Y,N,166,151,317,306447,227390,-6.4037,53.2861
1169,19855P,GAELSCOIL CHLUAIN DOLCAIN,BOTHAR NANGOR,CLUAIN DOLCAIN,BAILE ATHA CLIATH 22,,Dublin,CATHOLIC,N,N,N,148,141,289,306508,231542,-6.40139,53.3234
1170,19865S,DIVINE MERCY JUNIOR NATIONAL SCHOOL,BALGADDY,LUCAN,CO DUBLIN,,Dublin,CATHOLIC,N,N,N,286,270,556,305571,233403,-6.41483,53.3403
1171,19872P,SCOIL CHAITLIN MAUDE,CNOC MHUIRE,TAMHLACHT,BAILE ATHA CLIATH 24,,Dublin,CATHOLIC,N,Y,N,126,147,273,307236,226267,-6.39225,53.2759
1172,19878E,Holy Rosary Primary School,Old Court Avenue,Tallaght,,DUBLIN 24,Dublin,CATHOLIC,N,Y,N,346,271,617,310214,226011,-6.34771,53.273
1173,19893A,ST KILIANS SENIOR N S,CASTLEVIEW,TALLAGHT,DUBLIN 24,,Dublin,CATHOLIC,N,N,N,108,100,208,308683,229656,-6.36941,53.306
1174,19940G,GAELSCOIL NAOMH PADRAIG,LEAMHCAN,CO BAILE ATHA CLIATH,,,Dublin,CATHOLIC,N,N,N,252,229,481,304234,234493,-6.43454,53.3504
1175,19943M,ST DAMIENS NS,QUARRY DRIVE,PERRYSTOWN,DUBLIN 12,,Dublin,CATHOLIC,N,N,N,163,84,247,311933,230616,-6.32033,53.314
1176,19950J,ST DOMINICS N S,TALLAGHT,DUBLIN 24,,,Dublin,CATHOLIC,N,Y,N,103,116,219,309598,227412,-6.35646,53.2857
1177,19991A,GAELSCOIL NA CAMOIGE,ARAS CHRONAIN,BOTHAR AN ULLOIRD,CLUAIN DOLCAIN,BAILE ATHA CLIATH 22,Dublin,CATHOLIC,N,N,N,100,131,231,307135,231554,-6.39198,53.3234
1178,20043G,GAELSCOIL CHNOC LIAMHNA,HALLA NA NGASOGA,BOTHAR CNOC LIAMHNA,BAILE ATHA CLIATH 16,,Dublin,CATHOLIC,N,N,N,112,118,230,311646,227299,-6.3258,53.2843
1179,20066S,LUCAN EDUCATE TOGETHER NS,"BEWLEY WAY,","WILLSBROOK,","LUCAN,",CO. DUBLIN,Dublin,MULTI DENOMINATIONAL,N,N,N,254,194,448,304901,234572,-6.4245,53.351
1180,20166W,GRIFFEEN VALLEY EDUCATE TOGETHER NS,"GRIFFEEN GLEN BOULEVARD,",LUCAN,CO. DUBLIN.,,Dublin,MULTI DENOMINATIONAL,N,N,N,222,221,443,304370,233462,-6.43284,53.3411
1181,20173T,ST ANNES PRIMARY SCHOOL,FETTERCAIRN,TALLAGHT,DUBLIN 24,,Dublin,CATHOLIC,N,Y,N,217,221,438,307280,227884,-6.39105,53.2904
1182,20187H,DIVINE MERCY SENIOR NATIONAL SCHOOL,BALGADDY,LUCAN,CO DUBLIN,,Dublin,CATHOLIC,N,N,N,307,304,611,305507,233324,-6.41582,53.3396
1183,20194E,St. John the Evangelist National School,ADAMSTOWN,CO DUBLIN,,,Dublin,CATHOLIC,N,N,N,190,182,372,302578,232863,-6.45993,53.3361
1184,20223I,GAELSCOIL EISCIR RIADA,BÓTHAR AN GHRIFÍN,LEAMHCÁN,CO ÁTHA CLIATH,,Dublin,CATHOLIC,N,N,N,225,231,456,304157,234218,-6.43579,53.3479
1185,20268H,Adamstown Castle Educate Together National School,Adamstown Castle,Adamstown,Co. Dublin,,Dublin,MULTI DENOMINATIONAL,N,N,N,170,153,323,302637,232858,-6.45904,53.336
1186,20274C,Esker Educate Together N.S.,Adamstown Castle,Adamstown,County Dublin,,Dublin,MULTI DENOMINATIONAL,N,Y,N,214,159,373,302636,232844,-6.45906,53.3359
1187,20303G,Lucan East ETNS,Kishogue Cross,Off Griffeen Avenue,Lucan,County Dublin,Dublin,MULTI DENOMINATIONAL,N,Y,N,222,194,416,304462,233127,-6.43157,53.3381
1188,20398U,Scoil Niamh Community National School,Fortunestown Lane,City West,Dublin 24,,Dublin,MULTI DENOMINATIONAL,N,N,N,48,44,92,304275.79,227085.97,-6.43635,53.2838
1189,20402I,City West Educate Together National School,City West,Co Dublin,,,Dublin,MULTI DENOMINATIONAL,N,N,N,47,45,92,304275.79,227086.66,-6.43635,53.2838
1190,20411J,Firhouse Educate Together National School,c/o Tymon Bawn Community Centre,Tallaght,Dublin 24,,Dublin,MULTI DENOMINATIONAL,N,N,N,8,13,21,309005.18,226247.6,-6.36575,53.2754
1191,20412L,Gaelscoil na Giúise,Ionad Pobail Theach na Giúise,Céide Bhaile Uí Chuilinn,Teach na Giúise,Baile Átha Cliath 24,Dublin,MULTI DENOMINATIONAL,N,N,N,3,3,6,310870.32,226435.48,-6.33773,53.2767
1192,20426W,Scoil Oscair,Tor na Rí Walk,Balgaddy Road,Lucan,,Dublin,MULTI DENOMINATIONAL,N,N,N,8,5,13,305291.12,233237.11,-6.41909,53.3389
