Station,ID Number,Divisions,Murder / Assaults / Harassments and related offences 2014,Attempts or threats to murder/ assaults/ harassments and related offences 2015,Dangerous or negligent acts 2015,Robbery/ extortion and hijacking offences 2015,Burglary and related offences 2014,Burglary and related offences 2015,Theft and related offences 2015,Fraud/ deception and related offences 2015,Controlled drug offences 2015,Weapons and Explosives Offences 2014,Weapons and Explosives Offences 2015,Damage to property and to the environment 2015,Public order and other social code offences 2015,Offences against government/ justice procedures and organisation of crime 2015
Abbeyfeale,20441, Limerick Division ,19,19,9,0,36,27,49,5,10,5,5,25,34,0
Abbeyleix,20117, Laois/Offaly Division ,12,13,9,0,54,53,53,8,9,0,0,19,16,5
Adare,20424, Limerick Division ,1,4,8,0,16,19,12,1,1,0,0,3,6,2
Aglish,20217, Waterford Division ,3,3,1,1,5,4,5,0,4,0,0,4,1,0
Ahascragh,20522, Galway Division ,4,10,1,0,4,2,2,5,1,0,0,8,3,0
Ailt an Chorrain,20700, Donegal Division ,5,4,1,0,0,3,3,0,1,0,1,4,2,0
An Bun Beag,20649, Donegal Division ,12,11,5,0,6,9,10,0,1,0,0,13,9,2
An Charraig,20653, Donegal Division ,2,2,0,0,2,0,1,0,0,0,0,6,0,1
An Cheathru Rua,20500, Galway Division ,8,11,8,0,2,2,7,1,0,0,0,8,12,2
An Clochan Liath,20652, Donegal Division ,23,20,4,1,2,4,14,0,0,0,0,4,19,0
An Coirean,20393, Kerry Division ,5,9,4,0,11,5,7,0,0,0,0,2,0,1
An Craoslach,20642, Donegal Division ,2,1,2,0,2,0,1,1,0,0,0,6,2,0
An Fál Carrach,20643, Donegal Division ,7,5,6,0,2,2,8,0,1,0,1,4,11,0
An Maim,20488, Galway Division ,3,6,8,1,5,5,15,1,2,6,1,4,7,0
An Rinn,20218, Waterford Division ,0,1,2,0,4,4,6,1,2,0,0,3,2,0
An Spideal,20503, Galway Division ,3,1,1,0,1,1,5,0,1,0,0,7,6,0
Anglesea Street,20288, Cork City Division ,205,219,46,21,78,94,1060,80,109,21,23,161,980,262
Annascaul,20383, Kerry Division ,0,0,1,0,1,5,1,0,1,0,0,1,0,0
Aran Mor,20476, Galway Division ,30,33,37,5,60,44,121,17,22,5,2,38,52,7
Ard An Rátha,20648, Donegal Division ,3,5,1,0,2,3,2,1,1,0,0,6,2,0
Ardee,2079, Louth Division ,30,26,13,5,69,60,104,11,4,1,2,54,22,11
Ardfert,20378, Kerry Division ,6,10,10,0,10,8,6,0,2,0,0,4,15,0
Ardfinnan,20259, Tipperary Division ,3,3,3,0,7,4,7,0,0,0,1,7,0,3
Ardmore,20334, Waterford Division ,6,3,5,0,5,16,7,1,1,1,0,3,6,0
Ardnacrusha,20414, Limerick Division ,13,17,7,2,30,30,88,5,7,1,2,51,27,15
Ardrahan,20508, Galway Division ,2,2,5,0,12,5,15,3,1,0,0,2,0,0
Arklow,20183, Wicklow Division ,72,70,38,8,102,112,244,9,55,9,10,72,150,31
Arles,20122, Laois/Offaly Division ,3,2,0,0,33,16,27,0,3,0,0,9,2,3
Arva,20677, Cavan/Monaghan Division ,6,3,3,0,4,7,12,4,2,2,0,2,12,2
Ashbourne,2077, Meath Division ,59,56,35,8,118,104,311,33,42,3,2,48,83,17
Ashford,20200, Wicklow Division ,16,33,16,0,47,23,96,3,23,3,2,23,8,1
Askeaton,20423, Limerick Division ,2,9,2,0,10,12,38,2,6,0,3,9,10,5
Athea,20444, Limerick Division ,3,0,0,0,10,5,11,0,3,0,0,3,4,0
Athenry,20480, Galway Division ,20,12,11,0,22,25,33,3,7,0,0,10,10,1
Athleague,20515, Roscommon/Longford Division ,1,1,2,0,2,4,9,1,0,0,0,1,1,1
Athlone,2089, Westmeath Division ,109,98,39,6,276,146,454,37,88,26,27,156,229,41
Athy,20160, Kildare Division ,67,90,20,15,201,123,153,9,25,7,10,101,67,25
Aughrim,20205, Wicklow Division ,9,6,2,0,12,12,15,0,2,0,1,6,4,0
Avoca,20203, Wicklow Division ,2,11,1,1,15,9,12,1,1,0,0,10,3,0
Baile Atha Bui,2060, Meath Division ,17,16,5,1,23,35,51,5,11,1,3,14,17,1
Baile an Fheirtéaraigh,20384, Kerry Division ,0,1,2,0,2,3,6,0,0,0,0,2,0,0
Baile Bhuirne,20365, Cork West Division ,0,0,1,0,9,3,8,1,0,0,1,1,1,0
Bailieboro,20682, Cavan/Monaghan Division ,29,26,7,1,9,10,45,2,23,2,2,27,41,4
Balbriggan,2072, D.M.R. Northern Division ,97,104,45,11,140,151,445,98,44,10,19,214,79,66
Balla,20554, Mayo Division ,6,3,2,0,3,5,10,3,4,0,0,2,5,0
Ballaghderreen,20538, Roscommon/Longford Division ,22,16,8,0,48,25,53,7,11,4,2,27,32,7
Ballina,20562, Mayo Division ,62,57,38,2,40,52,157,17,27,5,8,130,185,24
Ballinagh,20676, Cavan/Monaghan Division ,14,8,10,0,8,25,20,2,2,1,2,25,9,0
Ballinamore,20695, Sligo/Leitrim Division ,10,5,1,0,7,9,6,1,0,0,0,6,12,1
Ballinasloe,20521, Galway Division ,65,59,26,4,32,58,164,13,71,9,6,66,185,26
Ballincollig,20304, Cork City Division ,45,39,16,0,30,37,155,9,42,9,1,100,90,3
Ballindine,20574, Mayo Division ,0,1,0,0,5,5,11,2,0,0,0,0,3,0
Ballineen,20338, Cork West Division ,0,4,4,0,6,2,10,4,3,0,0,3,0,0
Ballingarry,20442, Limerick Division ,4,1,2,0,20,13,15,0,1,0,0,4,4,5
Ballingarry North,20266, Tipperary Division ,0,1,0,1,4,0,3,0,0,0,0,2,0,0
Ballingarry South,20244, Tipperary Division ,0,4,2,0,7,3,6,2,2,0,0,7,2,0
Ballinhassig,20337, Cork West Division ,5,15,9,1,5,7,13,2,11,2,1,14,6,3
Ballinlough,20539, Roscommon/Longford Division ,6,3,1,0,3,5,16,0,2,0,1,7,6,1
Ballinrobe,20576, Mayo Division ,12,23,3,0,15,18,19,1,1,0,2,13,19,0
Ballintra,20656, Donegal Division ,2,1,5,0,4,6,11,3,0,1,0,1,2,1
Ballivor,2061, Meath Division ,6,7,2,1,11,15,22,0,1,0,0,11,8,5
Ballon,20157, Kilkenny/Carlow Division ,1,4,4,0,28,26,14,0,1,0,0,2,1,1
Ballybay,20670, Cavan/Monaghan Division ,3,13,10,0,6,4,15,0,3,2,0,10,16,0
Ballybofey,20626, Donegal Division ,49,44,24,3,25,19,64,11,11,3,1,39,101,7
Ballybunion,20407, Kerry Division ,6,12,5,0,11,7,15,2,5,2,0,15,31,1
Ballyconnell,20690, Cavan/Monaghan Division ,7,24,9,1,9,11,20,0,6,1,2,12,16,1
Ballycotton,20333, Cork North Division ,2,1,0,0,5,3,3,0,0,0,0,4,3,4
Ballycroy,20570, Mayo Division ,8,1,1,0,2,4,3,0,0,0,0,1,0,0
Ballycullane,20193, Wexford Division ,5,5,2,0,6,9,11,1,5,0,2,15,5,1
Ballydehob,20349, Cork West Division ,5,4,3,0,4,6,12,1,5,0,0,5,16,0
Ballydesmond,20370, Cork West Division ,2,0,0,0,5,1,7,1,2,0,0,2,0,0
Ballyduff,20408, Kerry Division ,8,8,5,0,8,5,4,2,1,2,1,7,9,0
Ballyfermot,209, D.M.R. Western Division ,91,69,62,67,275,271,563,35,186,27,36,346,168,21
Ballygar,20520, Galway Division ,4,1,0,0,3,1,8,4,3,0,1,0,5,0
Ballyhale,20238, Kilkenny/Carlow Division ,1,2,4,0,4,6,2,0,4,1,0,1,2,0
Ballyhaunis,20584, Mayo Division ,15,19,5,0,16,19,33,4,3,0,1,16,30,1
Ballyheigue,20405, Kerry Division ,8,6,0,0,3,2,3,0,2,0,0,10,15,0
Ballyjamesduff,20689, Cavan/Monaghan Division ,18,25,11,0,9,12,36,17,4,2,1,15,40,2
Ballylanders,20433, Limerick Division ,4,2,1,0,14,15,14,3,2,0,0,7,2,0
Ballylinan,20121, Laois/Offaly Division ,3,11,0,0,32,20,20,2,0,0,0,9,5,2
Ballymacarberry,20216, Waterford Division ,6,2,0,0,8,7,9,0,2,0,0,3,3,0
Ballymahon,2095, Roscommon/Longford Division ,21,15,13,0,32,26,24,2,8,3,3,27,24,1
Ballymore,2091, Westmeath Division ,2,1,0,0,9,5,4,1,1,2,1,1,1,1
Ballymote,20599, Sligo/Leitrim Division ,12,12,4,0,10,14,10,0,8,3,0,13,13,1
Ballymun,2021, D.M.R. Northern Division ,127,159,31,75,163,99,553,23,183,32,28,266,126,34
Ballynacargy,20107, Westmeath Division ,6,3,4,0,7,4,5,1,2,0,0,7,3,1
Ballyneety,20421, Limerick Division ,4,18,3,0,27,9,27,2,2,0,1,23,3,13
Ballynoe,20314, Cork North Division ,5,4,2,0,4,12,5,0,0,0,0,3,3,0
Ballyporeen,20260, Tipperary Division ,5,2,0,0,5,5,6,0,0,0,0,0,2,0
Ballyshannon,20655, Donegal Division ,12,17,6,0,16,10,24,6,17,3,5,20,31,21
Ballyvaughan,20469, Clare Division ,2,3,0,0,6,11,25,0,0,0,0,3,1,0
Baltimore,20357, Cork West Division ,0,3,1,0,0,2,14,0,0,0,0,4,2,2
Baltinglass,20162, Wicklow Division ,33,26,3,0,43,33,51,4,8,2,4,18,6,2
Banagher,20126, Laois/Offaly Division ,4,4,6,0,6,8,11,0,1,0,1,2,4,1
Bandon,20335, Cork West Division ,35,44,26,0,21,20,80,32,44,3,0,38,85,13
Bangor Erris,20569, Mayo Division ,4,2,3,1,3,2,6,0,0,0,0,3,0,0
Bansha,20285, Tipperary Division ,1,4,1,0,5,3,7,0,0,0,0,5,3,0
Bantry,20343, Cork West Division ,22,16,19,0,13,5,32,12,25,4,6,12,69,14
Barnaderg,20550, Galway Division ,4,3,3,0,5,5,10,1,4,1,0,3,1,0
Barraduff,20401, Kerry Division ,0,0,2,0,3,1,1,0,0,0,0,0,0,0
Beal an Mhuirthead,20566, Mayo Division ,10,18,16,1,6,4,16,2,2,1,1,16,17,2
Beal Atha an Ghaorthaidh,20364, Cork West Division ,1,3,1,0,2,0,2,0,2,0,0,3,1,1
Belturbet,20691, Cavan/Monaghan Division ,15,15,11,0,11,50,44,6,6,1,4,21,23,1
Bennettsbridge,20235, Kilkenny/Carlow Division ,1,0,5,0,10,7,13,1,4,0,0,4,6,1
Birr,20125, Laois/Offaly Division ,37,35,14,1,53,58,105,10,10,2,5,85,55,3
Bishopstown,20293, Cork City Division ,24,31,27,5,64,68,337,16,40,0,3,63,83,13
Blacklion,20618, Cavan/Monaghan Division ,1,0,0,0,3,3,1,0,0,0,0,2,0,4
Blackrock Co Cork,20291, Cork North Division ,35,49,20,2,42,51,213,11,38,14,1,61,77,16
Blackrock Co Dublin,2044, D.M.R. Southern Division ,59,68,26,8,353,419,692,48,58,18,2,144,101,4
Blackrock Co Louth,20703, Louth Division ,15,7,6,2,44,44,82,2,2,1,2,24,18,1
Blackwater,20186, Wexford Division ,3,6,4,0,26,26,41,15,4,0,0,19,3,5
Blanchardstown,2031, D.M.R. Western Division ,226,204,116,95,692,545,1871,158,258,50,54,601,276,473
Blarney,20303, Cork City Division ,22,34,22,2,26,31,99,4,25,4,6,32,19,8
Blessington,20163, Wicklow Division ,33,19,14,2,69,68,133,1,29,1,1,54,31,1
Boherbue,20371, Cork West Division ,4,2,5,0,9,2,10,0,2,0,0,8,5,1
Bonniconlon,20561, Mayo Division ,4,5,0,0,5,0,11,2,1,1,0,1,0,0
Borris,20242, Kilkenny/Carlow Division ,15,7,0,0,9,13,15,1,3,1,0,8,11,2
Borris-In-Ossory,20124, Laois/Offaly Division ,0,4,1,0,19,16,16,0,1,0,0,3,5,0
Borrisokane,20265, Tipperary Division ,7,2,2,0,6,12,14,1,0,0,0,8,3,0
Borrisoleigh,20277, Tipperary Division ,3,9,9,0,9,9,11,0,2,0,1,6,14,1
Bothar Na Tra,20505, Galway Division ,47,51,31,3,144,115,126,11,18,2,1,107,90,9
Boyle,20530, Roscommon/Longford Division ,20,16,5,1,22,24,43,3,12,0,2,13,20,3
Bray,2040, Wicklow Division ,134,127,52,17,227,252,680,50,292,28,39,219,289,203
Bridewell Cork,20290, Cork City Division ,177,169,33,14,106,137,453,31,174,16,20,169,481,132
Bridewell Dublin,2035, D.M.R. North Central Division ,127,132,48,51,208,163,757,61,219,38,57,330,315,3580
Bruff,20431, Limerick Division ,10,5,5,0,7,11,17,1,1,0,0,11,12,0
Bruree,20435, Limerick Division ,4,3,1,0,19,13,13,0,1,0,0,7,7,0
Bunclody,20181, Wexford Division ,12,9,8,1,42,40,63,8,4,0,0,22,6,3
Buncrana,20628, Donegal Division ,52,61,31,5,16,22,58,8,20,4,5,48,139,7
Bundoran,20657, Donegal Division ,31,36,12,0,14,7,44,5,25,2,0,21,106,4
Burnfoot,20629, Donegal Division ,14,12,9,0,9,7,33,2,10,3,0,6,15,5
Buttevant,20321, Cork North Division ,17,21,3,0,13,10,20,0,2,1,2,22,29,3
Cabinteely,2039, D.M.R. Eastern Division ,85,74,31,12,354,427,515,30,31,5,7,162,100,15
Cabra,2028, D.M.R. Western Division ,65,38,21,30,147,111,499,21,101,8,5,173,71,15
Caherciveen,20387, Kerry Division ,15,21,6,0,13,17,36,3,2,0,2,19,15,16
Caherconlish,20422, Limerick Division ,4,5,0,0,17,13,23,0,4,0,0,7,0,7
Cahir,20258, Tipperary Division ,24,17,23,0,35,18,43,5,16,2,2,29,29,4
Callan,20230, Kilkenny/Carlow Division ,12,15,3,0,31,30,57,2,2,2,1,14,16,2
Campile,20198, Wexford Division ,4,9,1,0,2,12,7,0,7,0,1,7,4,0
Cappamore,20438, Limerick Division ,4,6,2,1,11,11,13,2,2,0,4,5,3,2
Cappawhite,20284, Tipperary Division ,4,5,1,0,9,5,13,1,2,0,2,7,3,2
Cappoquin,20214, Waterford Division ,13,13,3,0,10,15,21,1,8,0,0,18,5,0
Carbury,20153, Kildare Division ,9,9,9,1,37,25,89,4,8,5,5,24,6,0
Carlingford,2053, Louth Division ,11,15,4,1,10,22,39,1,1,1,1,21,34,1
Carlow,20154, Kilkenny/Carlow Division ,124,105,65,8,260,171,471,25,174,21,9,153,305,87
Carna,20487, Galway Division ,4,2,1,0,2,1,7,0,0,0,0,7,11,0
Carndonagh,20630, Donegal Division ,27,27,21,1,12,12,24,1,7,0,3,23,29,7
Carnew,20184, Wicklow Division ,4,9,2,2,21,6,19,0,2,0,0,7,5,0
Carraig Airt,20637, Donegal Division ,16,8,7,0,10,3,7,1,2,0,2,10,9,1
Carrickbyrne,20197, Wexford Division ,1,9,1,0,20,14,26,0,0,0,0,4,4,0
Carrickmacross,20669, Cavan/Monaghan Division ,41,48,33,1,38,35,84,7,17,2,2,73,100,19
Carrick-on-Bannow,20194, Wexford Division ,3,5,0,0,12,15,16,1,6,1,4,5,3,1
Carrick-On-Shannon,20605, Sligo/Leitrim Division ,48,42,25,0,20,23,106,11,20,4,4,55,224,15
Carrick-On-Suir,20256, Tipperary Division ,26,31,9,2,47,25,83,3,27,4,4,54,70,8
Carrigaline,20295, Cork City Division ,34,28,24,0,12,34,120,14,36,0,1,48,55,7
Carrigallen,20696, Sligo/Leitrim Division ,3,1,0,0,8,4,11,1,0,0,0,7,1,1
Carrigans,20620, Donegal Division ,9,6,1,2,23,10,9,1,2,0,1,13,8,4
Carrigtwohill,20307, Cork North Division ,17,15,10,1,7,15,32,4,4,1,0,10,10,3
Cashel,20262, Tipperary Division ,28,30,22,2,31,23,89,8,7,1,1,30,32,19
Castlebar,20551, Mayo Division ,108,91,40,6,47,27,254,34,32,6,4,89,220,20
Castlebellingham,2048, Louth Division ,12,13,6,2,61,50,148,3,5,1,0,35,9,4
Castleblayney,20671, Cavan/Monaghan Division ,38,43,52,2,31,17,50,9,26,5,4,58,161,6
Castlebridge,20175, Wexford Division ,6,11,10,0,18,19,56,0,4,2,2,22,6,1
Castlecomer,20231, Kilkenny/Carlow Division ,10,20,7,1,42,36,71,5,11,1,0,23,20,0
Castleconnell,20416, Limerick Division ,7,12,11,0,36,30,81,23,9,8,3,34,35,2
Castledermot,20161, Kildare Division ,7,24,3,0,47,20,37,1,9,1,1,23,6,0
Castlefin,20621, Donegal Division ,12,11,3,0,10,8,24,1,2,0,0,18,16,4
Castlegregory,20382, Kerry Division ,4,8,1,0,8,6,10,0,1,0,0,5,3,0
Castleisland,20399, Kerry Division ,12,26,12,0,7,13,31,9,4,3,5,15,27,6
Castlemaine,20395, Kerry Division ,0,5,3,0,1,4,1,3,1,0,0,2,7,0
Castlepollard,20108, Westmeath Division ,1,1,0,0,8,21,25,2,1,0,0,4,2,1
Castlerea,20537, Roscommon/Longford Division ,97,125,14,2,27,17,57,2,20,4,3,16,37,22
Castletownbere,20351, Cork West Division ,7,11,4,0,6,8,9,1,1,0,0,6,3,0
Castletownroche,20318, Cork North Division ,4,6,6,0,11,9,17,3,5,0,0,9,2,0
Cavan,20675, Cavan/Monaghan Division ,122,140,53,10,88,100,327,47,84,19,10,112,192,53
Celbridge,20142, Kildare Division ,26,57,15,6,118,140,252,12,42,2,4,77,32,9
Charlestown,20582, Mayo Division ,14,8,4,0,12,13,48,0,6,3,1,13,13,11
Charleville,20322, Cork North Division ,19,24,13,0,28,26,107,11,7,4,3,31,28,8
Cill Ronain,20506, Galway Division ,3,5,2,0,0,1,0,0,3,0,0,1,2,1
Clane,20143, Kildare Division ,33,29,18,2,97,79,169,6,12,7,4,44,26,8
Clara,20135, Laois/Offaly Division ,8,19,8,1,25,19,106,3,14,4,5,19,1,1
Claremorris,20572, Mayo Division ,23,23,10,0,10,7,46,6,6,1,1,26,39,1
Clifden,20483, Galway Division ,16,12,8,0,8,3,24,4,6,2,1,6,38,2
Cloch na Ron,20489, Galway Division ,2,1,1,0,1,0,2,0,0,0,0,2,2,0
Cloghan,20127, Laois/Offaly Division ,3,9,3,0,5,12,10,0,3,0,0,8,2,2
Clogheen,20263, Tipperary Division ,4,3,1,0,5,8,7,0,3,0,1,2,1,2
Clogher,20650, Donegal Division ,0,0,2,0,0,1,0,0,0,0,0,0,0,0
Clogherhead,2049, Louth Division ,11,5,1,1,24,26,29,0,4,1,0,10,3,0
Clonakilty,20352, Cork West Division ,27,44,23,0,17,9,59,13,21,0,1,33,75,18
Clonark,20528, Roscommon/Longford Division ,4,1,3,1,10,7,9,0,0,0,0,7,5,3
Clonaslee,20116, Laois/Offaly Division ,4,1,4,0,6,14,8,0,0,0,0,2,0,0
Clonbologue,20136, Laois/Offaly Division ,2,5,3,0,15,10,13,0,2,0,1,4,0,2
Clondalkin,2012, D.M.R. Western Division ,120,137,77,43,356,476,960,46,197,46,50,384,192,55
Clones,20663, Cavan/Monaghan Division ,17,22,8,0,4,6,34,2,0,1,2,9,13,4
Clonmany,20631, Donegal Division ,5,13,2,0,1,0,3,0,1,1,1,8,25,1
Clonmel,20251, Tipperary Division ,94,107,51,6,118,106,327,26,196,21,25,94,202,33
Clonroche,20191, Wexford Division ,2,5,6,0,20,16,25,1,5,0,0,7,2,0
Clontarf,2027, D.M.R. Northern Division ,51,69,36,29,356,298,642,26,72,13,11,175,96,10
Cloughjordan,20267, Tipperary Division ,2,0,0,0,1,5,9,0,3,0,0,2,0,0
Cloyne,20329, Cork North Division ,3,1,1,0,2,2,7,0,1,0,0,5,3,4
Coachford,20363, Cork West Division ,6,10,4,0,6,8,12,0,8,1,0,6,4,0
Cobh,20306, Cork North Division ,60,48,16,1,19,13,91,5,21,1,0,53,105,4
Collon,2080, Louth Division ,5,3,2,0,10,12,10,1,0,0,0,5,1,0
Collooney,20593, Sligo/Leitrim Division ,8,14,10,0,14,23,20,2,9,0,1,19,12,7
Cong,20577, Mayo Division ,4,2,2,0,12,4,8,0,2,0,0,4,2,0
Convoy,20627, Donegal Division ,20,18,2,0,5,4,10,0,3,1,1,13,9,2
Coolaney,20595, Sligo/Leitrim Division ,2,3,1,0,5,4,3,0,3,1,0,7,0,1
Coolock,2023, D.M.R. Northern Division ,131,189,66,66,373,328,862,40,278,63,50,395,159,36
Cootehill,20688, Cavan/Monaghan Division ,22,13,9,1,23,27,51,10,2,5,2,18,15,6
Corofin,20470, Clare Division ,11,6,1,0,1,10,13,1,5,0,0,13,3,0
Corofin,20549, Galway Division ,5,3,6,0,4,8,11,0,0,0,0,3,3,0
Courtown Harbour,20182, Wexford Division ,22,23,18,0,73,107,121,3,19,6,2,64,20,6
Craughwell,20509, Galway Division ,12,2,13,1,17,15,20,3,4,0,0,3,5,0
Creggs,20519, Galway Division ,2,2,0,0,0,2,0,0,0,0,0,2,0,0
Crookstown,20366, Cork West Division ,7,39,7,0,3,7,15,2,10,1,1,16,6,1
Croom,20426, Limerick Division ,3,15,4,0,12,12,40,1,5,0,2,15,16,3
Crosshaven,20296, Cork City Division ,3,10,3,1,6,7,32,2,5,2,0,13,4,1
Crossmolina,20558, Mayo Division ,3,6,7,0,5,5,9,1,0,1,0,9,12,0
Crumlin,207, D.M.R. Southern Division ,90,89,33,40,283,264,454,47,79,19,7,263,110,11
Crusheen,20448, Clare Division ,2,2,0,0,6,5,7,1,2,0,0,1,0,0
Daingean,20137, Laois/Offaly Division ,9,7,1,0,17,21,21,0,1,1,0,2,0,3
Delvin,2088, Westmeath Division ,9,3,5,0,8,18,31,3,87,2,0,7,12,1
Dingle,20381, Kerry Division ,19,19,16,2,2,6,27,2,8,1,0,16,68,0
Dolla,20268, Tipperary Division ,0,0,2,0,5,6,11,0,1,0,0,1,1,0
Donegal Town,20658, Donegal Division ,34,30,15,0,10,8,33,7,15,2,1,15,33,10
Doneraile,20323, Cork North Division ,7,1,2,0,11,6,22,0,3,0,0,8,17,1
Donnybrook,205, D.M.R. South Central Division ,45,57,27,19,294,291,760,78,67,11,15,124,168,8
Douglas,20294, Cork City Division ,56,61,20,6,72,84,218,22,80,6,5,75,63,9
Dowra,20617, Cavan/Monaghan Division ,2,0,0,0,2,0,1,1,0,0,0,1,0,0
Drimoleague,20350, Cork West Division ,3,1,4,0,8,8,8,3,4,0,1,7,0,1
Drinagh,20359, Cork West Division ,0,1,1,0,4,0,0,0,4,0,0,0,0,0
Drogheda,2047, Louth Division ,227,200,49,36,353,383,790,75,140,26,17,404,266,104
Drumad,2055, Louth Division ,7,6,6,1,19,29,46,2,2,1,1,23,5,1
Drumcollogher,20327, Limerick Division ,3,8,0,0,15,16,27,9,0,1,0,10,4,0
Drumlish,2097, Roscommon/Longford Division ,13,13,4,0,5,7,18,1,2,0,1,5,11,2
Drumshambo,20608, Sligo/Leitrim Division ,10,9,1,1,28,11,17,2,0,6,3,14,3,0
Dublin Airport,2022, D.M.R. Northern Division ,10,9,6,0,4,1,173,20,16,3,14,13,69,2
Duleek,2081, Meath Division ,11,22,7,4,54,46,67,14,3,2,0,31,13,1
Dun Fionnachaid,20641, Donegal Division ,3,7,3,0,2,1,2,0,1,0,0,6,10,0
Dun Laoghaire,203, D.M.R. Eastern Division ,102,146,31,18,377,419,751,52,95,22,19,232,206,215
Dunboyne,2065, Meath Division ,39,36,18,10,61,65,176,10,5,1,4,38,23,3
Duncannon,20195, Wexford Division ,3,6,4,1,12,25,22,2,5,0,0,8,5,0
Dundalk,2052, Louth Division ,176,203,64,36,400,378,981,66,78,41,43,409,266,61
Dundrum,2045, D.M.R. Eastern Division ,82,134,45,28,585,777,1499,92,83,12,16,369,185,18
Dungarvan,20213, Waterford Division ,69,83,40,3,55,53,219,18,52,13,11,84,184,8
Dunlavin,20164, Wicklow Division ,5,5,3,0,21,14,7,0,1,0,0,4,7,0
Dunleer,2050, Louth Division ,20,21,3,1,34,23,35,6,4,1,1,34,22,4
Dunmanway,20358, Cork West Division ,17,18,7,1,12,10,24,4,13,0,1,6,13,5
Dunmore East,20207, Waterford Division ,14,6,5,0,19,14,48,0,4,0,0,17,6,0
Dunmore,20548, Galway Division ,3,5,3,0,4,8,24,0,5,0,0,8,11,2
Dunshaughlin,2067, Meath Division ,38,25,12,1,55,52,87,7,2,2,0,13,22,3
Durrow,20119, Laois/Offaly Division ,4,4,3,0,20,19,24,2,2,0,2,4,7,1
Durrus,20348, Cork West Division ,1,3,1,0,3,3,4,2,5,0,0,2,1,0
Edenderry,20138, Laois/Offaly Division ,27,42,5,1,96,51,87,12,13,5,9,48,28,4
Edgeworthstown,20105, Roscommon/Longford Division ,30,36,10,2,50,20,41,4,28,1,9,46,24,7
Elphin,20533, Roscommon/Longford Division ,5,1,0,0,5,9,9,1,0,0,0,0,2,0
Emly,20282, Tipperary Division ,2,1,1,0,0,3,5,0,6,0,0,4,5,0
Emyvale,20667, Cavan/Monaghan Division ,5,6,3,0,4,8,25,0,2,1,0,10,11,1
Enfield,2071, Meath Division ,3,7,3,1,17,11,27,2,4,3,0,8,5,1
Ennis,20447, Clare Division ,114,149,83,12,166,157,523,76,211,37,30,194,373,205
Enniscorthy,20185, Wexford Division ,54,86,27,2,169,173,232,20,36,8,5,185,93,20
Enniscrone,20564, Sligo/Leitrim Division ,13,18,8,1,22,11,9,1,3,0,0,12,12,1
Enniskerry,2041, Wicklow Division ,5,4,0,0,30,27,56,2,7,0,0,25,5,1
Ennistymon,20468, Clare Division ,20,27,15,0,12,20,48,3,6,0,1,25,61,4
Eyrecourt,20495, Galway Division ,4,3,1,0,7,9,10,0,2,0,0,2,0,0
Farranfore,20400, Kerry Division ,9,2,5,0,6,6,6,0,0,2,0,4,4,1
Ferbane,20128, Laois/Offaly Division ,12,11,3,0,15,26,34,2,2,0,0,5,6,2
Fermoy,20312, Cork North Division ,45,29,21,2,28,39,73,15,58,3,3,30,131,18
Ferns,20187, Wexford Division ,2,12,2,0,19,30,31,1,3,0,1,17,6,2
Ferrybank,20208, Waterford Division ,20,17,12,1,48,36,61,3,9,0,0,37,28,10
Fethard,20255, Tipperary Division ,9,6,9,0,28,25,19,0,12,1,1,17,12,2
Finglas,2030, D.M.R. Western Division ,110,110,59,72,299,273,934,58,350,42,59,363,249,55
Fitzgibbon Street,2033, D.M.R. North Central Division ,136,158,48,61,269,212,936,65,412,39,32,291,226,7
Foxford,20585, Mayo Division ,5,5,6,0,10,6,13,1,4,0,0,6,6,2
Foynes,20427, Limerick Division ,11,12,4,0,11,16,43,0,0,0,0,8,8,22
Frenchpark,20534, Roscommon/Longford Division ,2,8,2,0,12,15,15,1,3,0,2,19,15,0
Freshford,20229, Kilkenny/Carlow Division ,2,5,4,0,12,7,12,1,0,1,1,4,4,2
Gaillimh,20475, Galway Division ,277,292,151,19,386,329,1257,207,316,27,29,293,1027,228
Garristown,2076, D.M.R. Northern Division ,5,10,5,0,13,21,27,1,2,0,1,6,6,1
Glanmire,20308, Cork City Division ,25,34,12,4,32,32,116,7,29,1,1,51,33,6
Glantaine,20325, Cork North Division ,5,11,3,0,5,7,11,1,1,0,1,6,3,1
Glasson,22222,Westmeath,7,3,4,0,19,8,15,2,0,0,0,7,3,0
Gleann na Muaidhe,20571, Mayo Division ,2,0,1,0,1,1,4,0,0,0,0,5,0,1
Glenamaddy,20547, Galway Division ,4,7,1,0,3,1,9,1,1,0,2,2,6,0
Glenbeigh,20390, Kerry Division ,0,5,0,0,1,3,6,0,2,0,0,5,3,0
Glengarriff,20347, Cork West Division ,0,2,3,0,4,3,16,0,8,0,0,3,3,1
Glenmore,20211, Kilkenny/Carlow Division ,2,4,6,0,11,10,10,0,2,1,0,15,0,0
Glin,20428, Limerick Division ,3,0,4,0,18,16,9,1,4,1,0,9,3,8
Glynn,20177, Wexford Division ,5,0,2,0,11,16,5,1,1,0,0,8,2,0
Gob an Choire,20588, Mayo Division ,1,3,1,0,1,0,2,1,2,0,0,2,5,0
Golden,20283, Tipperary Division ,1,1,1,0,4,6,6,1,1,0,0,1,1,1
Goresbridge,20232, Kilkenny/Carlow Division ,1,1,3,1,14,14,19,0,8,0,0,10,5,2
Gorey,20180, Wexford Division ,53,54,40,1,141,107,222,15,54,4,7,92,103,58
Gort,20507, Galway Division ,17,23,22,1,24,30,42,9,18,2,0,20,47,7
Graiguenamanagh,20236, Kilkenny/Carlow Division ,3,4,4,1,15,20,34,0,3,2,0,8,11,0
Granard,20103, Roscommon/Longford Division ,19,26,14,1,36,26,27,6,6,6,1,32,25,3
Grange,20598, Sligo/Leitrim Division ,5,4,5,0,17,12,22,0,2,0,0,23,1,2
Greystones,2043, Wicklow Division ,40,46,14,2,139,160,380,9,39,6,9,98,36,4
Gurranabraher,20302, Cork City Division ,139,113,36,11,58,76,204,13,127,29,14,231,190,20
Gurteen,20601, Sligo/Leitrim Division ,1,4,3,1,4,8,12,0,0,1,0,3,1,1
Hackballscross,2054, Louth Division ,2,1,1,1,11,18,17,0,0,0,0,9,1,1
Hacketstown,20169, Kilkenny/Carlow Division ,4,4,1,0,5,6,4,1,3,0,0,3,5,1
Headford,20479, Galway Division ,7,18,4,0,33,24,22,2,5,0,0,11,10,1
Henry Street,20417, Limerick Division ,200,238,129,44,283,291,1542,74,300,72,49,426,925,457
Holycross,20245, Tipperary Division ,1,6,4,0,11,5,7,0,4,0,0,8,2,0
Hospital Co Limerick,20434, Limerick Division ,6,6,2,0,13,8,16,1,2,0,0,4,3,2
Howth,2029, D.M.R. Northern Division ,22,25,17,16,208,164,306,7,27,3,5,97,48,5
Indreabhan,20502, Galway Division ,4,4,6,0,2,3,4,2,0,0,0,3,4,2
Innishannon,20336, Cork West Division ,3,3,6,0,4,8,11,1,8,0,0,4,3,0
Irishtown,206, D.M.R. South Central Division ,35,40,11,11,258,236,579,22,64,19,6,108,117,7
Kanturk,20369, Cork West Division ,15,24,23,0,19,24,31,8,8,2,0,18,51,1
Keadue,20535, Roscommon/Longford Division ,4,0,2,0,2,2,13,1,1,0,0,7,2,1
Kealkil,20345, Cork West Division ,2,3,2,0,3,4,4,1,3,0,0,2,3,0
Keel,20591, Mayo Division ,4,4,0,0,1,1,4,0,0,1,0,0,4,0
Kells Ceanannus Mor,2058, Meath Division ,33,43,24,1,76,51,119,8,15,4,7,47,45,7
Kenagh,2098, Roscommon/Longford Division ,1,4,4,0,4,5,14,2,1,1,0,6,0,1
Kenmare,20398, Kerry Division ,5,10,11,0,25,13,21,4,7,0,4,11,48,3
Kerrykeel,20638, Donegal Division ,5,7,6,0,5,3,12,1,1,1,0,10,7,0
Kevin Street,2036, D.M.R. South Central Division ,205,230,48,89,409,255,1039,98,222,31,41,357,474,25
Kilbeggan,2093, Westmeath Division ,7,7,4,2,18,13,38,4,4,0,0,9,9,3
Kilbrittain,20341, Cork West Division ,3,4,1,0,4,0,7,1,3,0,1,7,1,1
Kilcock,2069, Kildare Division ,18,14,15,11,34,61,105,5,5,4,1,20,16,25
Kilconnell,20523, Galway Division ,2,3,3,0,1,5,3,0,3,0,0,0,39,0
Kilcormac,20129, Laois/Offaly Division ,2,3,1,0,15,9,13,1,0,0,0,10,4,0
Kilcullen,20148, Kildare Division ,11,17,13,1,62,67,64,5,4,0,2,30,16,2
Kildare,20146, Kildare Division ,42,49,20,4,81,83,173,15,29,6,10,63,72,5
Kildorrery,20315, Cork North Division ,3,5,6,0,4,12,22,0,8,1,1,6,1,0
Kildysart,20460, Clare Division ,2,2,1,0,1,0,2,0,2,0,0,0,3,0
Kilkee,20461, Clare Division ,13,19,9,0,20,18,20,1,7,3,2,19,33,2
Kilkelly,20583, Mayo Division ,2,4,1,0,6,7,7,1,2,0,0,3,3,0
Kilkenny,20228, Kilkenny/Carlow Division ,200,257,86,7,303,191,702,62,133,23,16,181,680,101
Kill Co Waterford,20221, Waterford Division ,3,11,4,0,3,6,10,0,0,0,0,8,6,0
Killala,20559, Mayo Division ,5,9,7,0,7,3,5,0,6,0,0,4,8,0
Killaloe,20462, Clare Division ,22,21,15,1,20,16,51,3,11,4,0,11,20,41
Killarney,20396, Kerry Division ,92,117,57,0,67,73,281,38,124,15,11,95,488,38
Killeagh,20330, Cork North Division ,14,4,8,0,10,16,26,1,2,0,0,15,11,4
Killenaule,20246, Tipperary Division ,6,10,5,1,12,10,17,2,4,4,0,12,8,3
Killeshandra,20693, Cavan/Monaghan Division ,1,3,2,0,5,15,10,1,4,0,2,4,2,1
Killimor,20492, Galway Division ,4,3,2,0,8,9,9,1,0,0,0,6,4,0
Killorglin,20392, Kerry Division ,32,26,10,1,20,19,37,7,11,6,0,17,39,6
Killucan,2084, Westmeath Division ,6,7,5,0,6,4,8,1,3,0,1,6,6,2
Kilmacow,20212, Kilkenny/Carlow Division ,0,3,2,0,6,4,10,1,0,0,0,8,3,0
Kilmacrennan,20640, Donegal Division ,10,9,8,0,3,3,13,1,2,2,1,8,10,0
Kilmacthomas,20222, Waterford Division ,6,9,3,0,2,12,18,1,2,1,0,7,5,1
Kilmaine,20573, Mayo Division ,1,3,4,0,6,1,3,0,0,0,0,6,3,0
Kilmainham,204, D.M.R. South Central Division ,128,176,46,53,274,292,732,56,160,43,43,371,269,23
Kilmallock,20436, Limerick Division ,19,20,8,0,33,34,63,3,4,4,0,28,25,11
Kilmeaden,20223, Waterford Division ,2,3,4,0,5,8,13,1,4,0,0,2,1,1
Kilmoganny,20240, Kilkenny/Carlow Division ,3,0,0,0,12,4,5,0,0,0,0,3,1,2
Kilmore Quay,20176, Wexford Division ,11,17,5,0,22,30,35,1,2,2,2,20,10,6
Kilnaleck,20680, Cavan/Monaghan Division ,9,17,15,0,11,27,30,1,1,0,0,11,3,2
Kilrickle,20497, Galway Division ,4,5,1,0,2,2,6,3,2,0,0,5,3,0
Kilrush,20455, Clare Division ,24,37,8,2,27,24,52,2,19,3,10,49,49,15
Kilsheelan,20252, Tipperary Division ,0,1,0,0,14,4,6,1,2,1,0,1,3,0
Kiltimagh,20581, Mayo Division ,3,12,0,0,11,8,20,0,3,1,1,8,9,0
Kiltormer,20524, Galway Division ,1,2,1,0,2,4,8,0,0,0,0,0,3,0
Kilworth,20316, Cork North Division ,1,0,2,0,5,8,10,0,2,0,0,4,3,1
Kingscourt,20683, Cavan/Monaghan Division ,20,14,5,1,4,9,12,4,2,0,0,3,10,1
Kinlough,20615, Sligo/Leitrim Division ,5,7,4,0,12,9,18,1,1,0,1,9,5,4
Kinnegad,2085, Westmeath Division ,14,22,17,2,8,16,50,5,16,2,1,13,27,10
Kinnitty,20130, Laois/Offaly Division ,1,2,0,0,10,9,13,0,0,0,0,4,0,0
Kinsale,20340, Cork West Division ,37,48,19,0,17,18,60,7,23,4,1,45,152,6
Kinvara,20510, Galway Division ,3,1,2,0,7,1,10,0,0,0,0,8,3,0
Knock,20575, Mayo Division ,0,2,3,0,14,5,15,1,1,0,0,10,4,0
Knocknagoshel,20410, Kerry Division ,2,6,4,0,3,6,3,1,1,0,0,7,13,10
Lanesboro,20101, Roscommon/Longford Division ,7,12,6,2,19,12,16,1,3,0,0,5,12,0
Laytown,2051, Meath Division ,62,73,14,3,132,116,286,11,14,4,2,82,42,4
Leach Seoirse,20478, Galway Division ,16,17,25,0,36,34,34,7,6,1,1,11,14,4
Leamybrien,20226, Waterford Division ,4,4,1,0,7,5,19,1,1,0,0,11,5,0
Leitir Mor,20504, Galway Division ,2,2,3,0,2,4,2,1,0,0,0,5,2,1
Leixlip,2011, Kildare Division ,27,33,7,5,64,89,156,9,32,2,3,90,43,8
Letterfrack,20485, Galway Division ,3,10,2,0,1,6,4,0,1,0,1,8,8,0
Letterkenny,20619, Donegal Division ,265,220,100,7,130,112,411,51,74,16,16,232,408,76
Lifford,20625, Donegal Division ,19,11,3,1,14,9,10,8,1,0,0,26,7,1
Liscarroll,20326, Cork North Division ,4,2,1,0,1,5,9,0,1,1,0,3,2,1
Lisdoonvarna,20473, Clare Division ,9,21,4,0,4,5,22,0,0,0,0,4,8,1
Lismore,20219, Waterford Division ,11,3,1,0,15,20,15,2,0,0,0,9,5,1
Lissycasey,20449, Clare Division ,4,4,4,0,4,5,10,0,4,0,0,8,3,1
Listowel,20404, Kerry Division ,37,35,34,1,25,36,63,10,46,6,2,25,213,41
Littleton,20250, Tipperary Division ,2,5,2,0,5,9,27,0,4,0,2,11,8,2
Lixnaw,20411, Kerry Division ,2,3,7,0,4,6,3,0,8,1,0,2,3,0
Longford,2096, Roscommon/Longford Division ,71,77,37,9,93,106,258,24,68,8,14,129,112,34
Longwood,2068, Meath Division ,5,10,2,0,21,5,33,0,5,1,1,7,5,1
Lorrha,20133, Tipperary Division ,0,1,0,0,1,4,5,0,0,1,0,1,1,0
Loughrea,20490, Galway Division ,41,51,27,1,35,22,75,9,17,3,4,44,89,14
Louisburgh,20590, Mayo Division ,4,4,2,0,1,4,5,0,3,0,0,3,3,1
Louth,2057, Louth Division ,3,8,4,1,24,12,23,1,1,2,1,24,6,1
Lucan,2010, D.M.R. Western Division ,76,78,51,18,283,280,634,36,95,31,16,222,125,10
Lusk,2074, D.M.R. Northern Division ,30,48,16,3,84,91,354,7,23,4,5,93,29,10
Macroom,20361, Cork West Division ,33,30,17,2,11,5,50,11,56,1,0,14,36,8
Maigh Cuilinn,20499, Galway Division ,5,0,7,0,3,2,6,1,3,0,0,5,7,0
Malahide,2024, D.M.R. Northern Division ,27,53,16,6,242,157,346,22,52,1,6,122,41,7
Mallow,20320, Cork North Division ,78,86,54,1,42,69,182,24,40,10,8,79,206,28
Manorhamilton,20612, Sligo/Leitrim Division ,14,16,5,0,29,17,32,4,0,1,1,10,15,3
Mayfield,20298, Cork City Division ,47,53,33,8,39,59,133,9,53,4,5,114,93,11
Maynooth,20145, Kildare Division ,41,49,27,9,99,89,313,19,19,2,2,57,68,12
Mayorstone Park,20418, Limerick Division ,91,118,52,10,145,176,489,17,110,39,30,337,220,314
Midleton,20328, Cork North Division ,46,58,46,2,28,37,160,13,54,3,5,48,162,35
Milford Co Cork,20324, Cork North Division ,0,3,3,0,2,10,4,0,0,0,0,4,2,1
Milford,20636, Donegal Division ,12,26,4,0,6,5,18,1,5,1,1,6,15,0
Millstreet Co. Cork,20374, Cork West Division ,15,11,4,0,11,7,16,1,14,0,0,7,10,0
Milltown,20545, Galway Division ,1,0,3,0,4,5,11,0,0,0,0,2,0,0
Miltown Malbay,20474, Clare Division ,7,13,5,0,7,10,11,1,5,0,0,12,13,3
Mitchelstown,20317, Cork North Division ,17,25,21,1,34,31,67,10,114,1,4,28,34,1
Moate,2094, Westmeath Division ,10,5,6,0,22,16,28,3,3,2,3,17,9,0
Mohill,20610, Sligo/Leitrim Division ,16,10,6,0,20,23,27,5,8,2,1,29,18,0
Monaghan,20662, Cavan/Monaghan Division ,86,89,49,1,40,25,183,17,31,5,7,112,166,46
Monasterevin,20149, Kildare Division ,23,21,6,5,48,30,99,2,11,3,3,30,10,0
Moneygall,20279, Tipperary Division ,2,0,6,0,2,2,10,0,0,1,0,3,5,0
Monivea,20481, Galway Division ,1,8,3,0,4,8,5,0,0,0,0,1,0,0
Mooncoin,20210, Kilkenny/Carlow Division ,8,4,2,0,13,4,12,1,1,1,1,11,8,0
Mountbellew,20526, Galway Division ,5,10,6,0,10,10,20,5,2,0,0,5,11,0
Mountcharles,20697, Donegal Division ,2,2,4,0,2,3,3,1,0,0,0,4,1,0
Mountjoy,2034, D.M.R. North Central Division ,229,212,42,49,281,225,856,53,141,29,27,270,232,25
Mountmellick,20112, Laois/Offaly Division ,41,61,14,1,51,79,140,5,19,4,14,82,36,8
Mountrath,20113, Laois/Offaly Division ,24,18,7,1,44,84,49,1,4,1,1,31,15,8
Moville,20634, Donegal Division ,8,15,9,1,9,2,7,2,3,0,0,9,14,1
Moylough,20529, Galway Division ,0,4,2,0,4,3,8,0,0,0,0,0,4,0
Moyne,20275, Tipperary Division ,0,1,0,0,4,0,4,0,2,0,0,1,0,0
Muff,20635, Donegal Division ,2,9,8,1,15,7,19,0,3,0,0,13,5,0
Muine Bheag,20159, Kilkenny/Carlow Division ,13,15,8,2,24,23,41,5,6,1,1,28,20,2
Mullagh,20684, Cavan/Monaghan Division ,4,9,5,0,5,5,30,0,2,0,0,2,8,0
Mullinahone,20253, Tipperary Division ,0,4,1,1,8,12,10,1,8,0,1,5,6,0
Mullinavat,20241, Kilkenny/Carlow Division ,1,2,1,1,4,9,6,1,2,0,2,2,0,2
Mullingar,2083, Westmeath Division ,121,145,100,14,161,81,438,45,230,19,15,222,317,133
Multyfarnham,20109, Westmeath Division ,4,2,6,0,19,2,12,0,4,0,0,7,2,0
Murroe,20439, Limerick Division ,4,5,1,0,13,7,13,2,4,0,0,11,6,14
Myshall,20158, Kilkenny/Carlow Division ,5,0,0,0,9,11,5,2,0,0,1,3,1,2
Na Cealla Beaga,20661, Donegal Division ,11,16,7,1,7,3,17,2,5,1,0,11,29,0
Na Gleannta,20646, Donegal Division ,3,2,2,0,7,5,5,0,0,2,0,2,8,0
Naas,20141, Kildare Division ,89,135,83,8,271,246,571,56,52,5,5,138,108,121
Navan,2078, Meath Division ,89,124,89,20,230,210,638,36,96,25,19,216,283,128
Nenagh,20264, Tipperary Division ,34,52,50,3,56,54,180,11,67,1,9,71,112,35
New Ross,20192, Wexford Division ,47,61,27,5,76,77,112,16,27,2,5,78,112,10
Newbridge,20150, Kildare Division ,96,99,28,15,197,281,384,35,76,8,19,122,105,20
Newcastle West,20440, Limerick Division ,47,33,27,1,27,38,100,14,20,9,2,61,104,77
Newmarket,20373, Cork West Division ,9,5,1,0,14,18,21,4,1,0,1,3,13,0
Newmarket on Fergus,20450, Clare Division ,5,10,2,1,2,9,19,3,5,1,0,10,11,1
Newport Co Mayo,20587, Mayo Division ,5,2,2,0,5,7,15,1,3,2,0,1,6,1
Newport Co Tipperary,20702, Tipperary Division ,6,6,5,1,14,12,61,2,10,0,1,13,8,4
Newtowncunningham,20623, Donegal Division ,22,19,7,1,11,14,17,0,1,0,0,20,5,3
Newtownmountkennedy,20202, Wicklow Division ,16,18,8,1,34,37,41,3,20,2,6,29,19,3
Nobber,2063, Meath Division ,9,11,2,0,29,34,35,1,1,0,1,14,14,1
Oldcastle,2062, Meath Division ,12,10,3,0,14,15,24,1,1,1,0,11,7,1
Omeath,2056, Louth Division ,4,5,1,0,11,6,32,0,3,0,0,15,5,1
Oola,20286, Limerick Division ,2,1,0,0,3,0,6,2,0,0,0,1,0,0
Oughterard,20498, Galway Division ,5,6,3,0,6,3,11,2,0,0,0,3,5,2
Oulart,20190, Wexford Division ,6,12,2,0,18,26,20,2,1,1,0,13,2,2
Oylegate,20189, Wexford Division ,1,1,1,0,13,27,16,1,1,1,1,7,2,1
Pallasgreen,20437, Limerick Division ,5,2,4,0,14,5,22,2,3,0,2,12,7,5
Pallaskenry,20425, Limerick Division ,1,4,4,0,18,7,36,0,2,0,0,5,2,0
Partry,20555, Mayo Division ,4,1,4,0,5,6,2,1,0,0,0,0,2,0
Passage East,20209, Waterford Division ,1,1,1,0,7,9,13,1,0,2,0,6,0,0
Passage West,20297, Cork City Division ,11,18,6,1,7,7,33,5,17,1,0,30,13,5
Patrickswell,20420, Limerick Division ,7,11,3,0,13,11,45,3,3,0,1,9,8,3
Pearse Street,201, D.M.R. South Central Division ,520,635,57,178,531,501,5613,315,448,122,119,458,2510,78
Pettigo,20659, Donegal Division ,5,3,0,0,5,0,2,0,1,0,0,5,1,0
Piltown,20257, Kilkenny/Carlow Division ,3,7,2,1,23,5,13,1,1,0,2,7,11,0
Portarlington,20114, Laois/Offaly Division ,51,43,15,4,107,72,196,8,54,2,9,69,46,6
Portlaoise,20111, Laois/Offaly Division ,148,184,71,14,240,171,691,31,125,19,22,235,237,110
Portlaw,20224, Waterford Division ,3,12,4,0,4,9,25,1,4,1,2,8,14,1
Portmagee,20391, Kerry Division ,1,5,0,0,2,2,4,1,1,0,0,1,2,0
Portroe,20269, Tipperary Division ,2,8,1,0,3,2,14,0,8,0,0,6,0,0
Portumna,20496, Galway Division ,12,16,4,0,15,20,41,3,6,1,1,26,18,0
Raheny,2026, D.M.R. Northern Division ,42,44,28,21,214,144,304,20,56,6,9,114,74,24
Ramelton,20644, Donegal Division ,7,12,6,0,3,4,5,0,0,0,1,2,11,1
Raphoe,20624, Donegal Division ,23,32,7,2,13,12,20,1,1,0,2,30,16,0
Rathangan,20151, Kildare Division ,29,13,3,0,31,24,44,0,2,0,2,23,14,3
Rathcoole,2014, D.M.R. Western Division ,47,41,15,14,154,143,282,20,20,6,7,96,38,4
Rathcormac Co Cork,20313, Cork North Division ,6,10,5,0,10,13,13,4,12,1,0,5,5,3
Rathdowney,20120, Laois/Offaly Division ,3,9,2,1,19,24,31,0,1,0,0,7,0,0
Rathdrum,20201, Wicklow Division ,11,18,2,3,23,33,92,2,12,2,2,38,18,0
Rathfarnham,2015, D.M.R. Southern Division ,83,113,39,30,432,525,1106,55,296,27,17,310,229,21
Rathgormack,20225, Waterford Division ,1,2,0,0,8,4,12,0,0,0,0,6,0,0
Rathkeale,20430, Limerick Division ,20,16,7,1,22,20,32,11,6,1,3,18,29,9
Rathmines,2017, D.M.R. Southern Division ,87,73,22,15,309,224,748,43,145,15,9,170,144,6
Rathmore Co Kerry,20376, Kerry Division ,4,5,10,0,15,8,19,1,6,0,0,6,5,0
Rathmullen,20645, Donegal Division ,6,7,3,1,2,1,1,0,0,0,0,14,6,0
Rathvilly,20170, Kilkenny/Carlow Division ,2,1,2,0,14,8,4,0,2,0,0,2,1,1
Rhode,20139, Laois/Offaly Division ,4,7,3,0,14,27,12,0,2,0,0,4,7,1
Riverstown,20602, Sligo/Leitrim Division ,1,2,5,0,3,14,6,6,2,0,1,3,1,0
Robertstown,20147, Kildare Division ,15,19,5,2,41,25,34,1,6,0,0,29,8,6
Rochfortbridge,2086, Westmeath Division ,7,3,10,1,17,5,27,2,12,0,1,8,10,0
Rockcorry,20674, Cavan/Monaghan Division ,1,2,2,0,4,4,3,0,0,2,1,1,1,0
Ronanstown,2013, D.M.R. Western Division ,120,169,32,48,257,293,772,33,262,49,56,348,167,112
Roosky,20611, Roscommon/Longford Division ,2,3,0,0,5,16,12,1,2,0,0,4,3,0
Ros Muc,20501, Galway Division ,0,4,0,0,2,2,0,1,1,0,0,1,0,0
Roscommon,20514, Roscommon/Longford Division ,51,44,28,2,35,33,146,14,30,2,4,26,70,20
Roscrea,20274, Tipperary Division ,13,25,15,0,50,40,58,5,19,10,9,28,44,5
Rosscarbery,20354, Cork West Division ,3,6,2,0,7,2,7,1,3,0,0,5,4,0
Rosses Point,20597, Sligo/Leitrim Division ,2,0,0,0,5,5,9,0,0,0,0,3,1,0
Rosslare Harbour,20179, Wexford Division ,7,14,4,0,27,33,32,11,5,0,0,21,12,26
Rosslare Strand,20178, Wexford Division ,15,7,1,1,43,19,30,3,2,1,1,16,8,5
Roundwood,20204, Wicklow Division ,14,10,2,0,16,21,68,3,38,2,2,34,7,3
Roxboro Road,20419, Limerick Division ,149,204,86,22,199,239,1093,90,175,43,33,517,255,284
Santry,2019, D.M.R. Northern Division ,97,125,53,50,345,370,1043,75,92,17,9,209,134,16
Scariff,20464, Clare Division ,19,8,7,1,18,15,35,0,10,1,1,11,12,5
Schull,20344, Cork West Division ,19,11,4,1,4,6,9,0,0,0,0,8,15,0
Scotstown,20666, Cavan/Monaghan Division ,10,9,4,0,7,0,10,1,1,0,0,7,4,4
Shankill,2042, D.M.R. Eastern Division ,96,83,24,23,191,251,399,35,53,11,7,199,74,16
Shannon,20452, Clare Division ,40,33,20,1,29,40,167,10,33,3,6,51,77,7
Shercock,20685, Cavan/Monaghan Division ,1,7,5,0,4,7,9,0,0,1,0,5,3,2
Shevry,20278, Tipperary Division ,0,0,3,0,2,0,0,1,0,0,0,0,0,0
Shillelagh,20167, Wicklow Division ,9,2,2,0,8,10,18,0,0,0,0,1,2,0
Shinrone,20131, Laois/Offaly Division ,3,13,2,0,10,6,15,1,0,1,0,8,3,0
Shrule,20578, Mayo Division ,2,7,3,0,8,5,6,0,0,0,0,8,3,0
Sixmilebridge,20454, Clare Division ,2,7,4,0,18,25,41,2,11,1,1,20,14,1
Skerries,2073, D.M.R. Northern Division ,19,28,7,5,75,62,119,7,7,0,0,62,25,6
Skibbereen,20355, Cork West Division ,21,39,11,0,10,9,42,5,10,1,0,32,45,8
Skreen,20594, Sligo/Leitrim Division ,0,1,3,0,0,9,4,1,0,0,1,2,1,0
Slane,2082, Meath Division ,10,14,3,1,31,36,49,1,9,1,0,9,17,1
Sligo,20592, Sligo/Leitrim Division ,139,122,46,12,136,104,318,59,94,36,27,264,332,120
Smear,20106, Roscommon/Longford Division ,2,1,4,0,6,4,3,1,1,0,0,3,3,0
Sneem,20394, Kerry Division ,5,3,2,0,4,0,2,0,0,0,0,4,0,0
Sraith Salach,20484, Galway Division ,1,0,1,0,1,0,1,0,1,0,0,1,0,0
Stoneyford,20237, Kilkenny/Carlow Division ,2,5,2,0,3,1,8,0,0,0,0,10,2,0
Store Street,2032, D.M.R. North Central Division ,305,435,47,166,351,269,5999,281,926,109,108,582,3265,32
Stradbally Co Laois,20115, Laois/Offaly Division ,7,9,4,4,46,18,77,8,198,5,0,11,24,1
Strokestown,20517, Roscommon/Longford Division ,2,6,3,0,4,7,7,1,2,1,0,5,4,0
Stuake,20362, Cork West Division ,3,8,5,0,5,5,12,0,1,0,0,0,3,2
Summerhill,2070, Meath Division ,1,5,8,0,13,20,19,1,4,1,0,10,4,2
Sundrive Road,208, D.M.R. Southern Division ,97,100,15,45,287,194,390,26,125,29,18,227,128,13
Swanlinbar,20692, Cavan/Monaghan Division ,0,2,0,0,5,6,6,0,0,0,0,1,1,0
Swinford,20580, Mayo Division ,15,11,7,0,12,6,21,0,1,2,0,15,24,2
Swords,2025, D.M.R. Northern Division ,151,169,64,38,304,284,1018,60,234,15,20,311,210,166
Taghmon,20173, Wexford Division ,8,8,8,0,36,17,21,7,4,0,1,16,15,6
Tallaght,2016, D.M.R. Southern Division ,322,347,114,168,938,828,1605,111,345,94,101,818,511,355
Tallow,20215, Waterford Division ,3,10,3,0,6,3,8,0,2,0,0,5,3,1
Tarbert,20413, Kerry Division ,3,0,4,2,7,7,10,0,2,0,1,1,8,0
Tarelton,20368, Cork West Division ,3,3,3,0,3,3,6,2,0,0,0,4,1,0
Taughmaconnell,20527, Roscommon/Longford Division ,0,0,1,0,0,1,2,0,0,0,0,2,1,0
Templederry,20276, Tipperary Division ,3,0,0,0,2,0,0,0,0,0,0,0,0,0
Templemore,20272, Tipperary Division ,11,12,5,3,17,19,44,3,7,0,1,20,50,5
Templetuohy,20273, Tipperary Division ,1,0,5,0,6,3,5,0,0,0,0,2,2,0
Terenure,2018, D.M.R. Southern Division ,37,54,21,15,240,263,530,29,70,12,6,174,61,6
Thomastown,20234, Kilkenny/Carlow Division ,15,8,7,0,15,12,39,6,9,3,0,13,29,4
Thurles,20243, Tipperary Division ,41,66,54,0,54,33,142,40,41,1,6,66,169,27
Timoleague,20342, Cork West Division ,8,6,3,0,6,3,3,0,3,0,0,2,5,1
Tinahely,20168, Wicklow Division ,6,9,1,0,18,14,9,1,2,2,1,2,3,2
Tipperary,20280, Tipperary Division ,41,38,29,1,41,43,116,11,42,10,4,66,130,31
Togher,20292, Cork City Division ,41,53,18,4,65,52,141,16,86,7,9,91,92,11
Toomevara,20270, Tipperary Division ,1,0,2,0,8,2,9,0,2,1,0,3,3,1
Tralee,20379, Kerry Division ,155,140,120,11,116,140,508,57,160,23,27,125,641,140
Tramore,20220, Waterford Division ,50,64,20,2,42,52,108,5,27,4,3,71,123,12
Trim,2064, Meath Division ,20,38,17,2,65,64,117,13,24,3,6,44,47,32
Tuam,20543, Galway Division ,74,73,29,1,62,44,142,15,43,5,4,75,128,21
Tubbercurry,20600, Sligo/Leitrim Division ,17,34,13,0,31,23,36,4,6,2,1,30,26,19
Tulla,20466, Clare Division ,8,5,1,1,12,14,27,0,3,0,1,4,7,0
Tullamore,20134, Laois/Offaly Division ,80,81,39,1,133,134,358,34,87,12,2,128,144,61
Tullow,20156, Kilkenny/Carlow Division ,17,20,8,1,40,76,66,2,15,1,3,26,15,4
Tulsk,20536, Roscommon/Longford Division ,3,0,1,0,2,4,6,0,0,0,0,3,2,0
Urlingford,20249, Kilkenny/Carlow Division ,10,13,2,1,21,21,35,5,1,1,1,7,14,0
Virginia,20687, Cavan/Monaghan Division ,18,16,16,0,20,17,58,3,13,4,1,22,32,27
Watercourse Road,20300, Cork City Division ,199,176,36,39,91,94,485,21,141,25,23,238,216,25
Waterford,20206, Waterford Division ,272,342,102,27,582,541,1242,71,251,45,43,562,583,109
Watergrasshill,20311, Cork North Division ,4,4,8,0,5,9,26,1,10,2,1,7,5,0
Westport,20586, Mayo Division ,51,51,19,0,54,80,102,5,24,3,11,57,211,3
Wexford,20172, Wexford Division ,102,93,51,7,195,206,508,52,75,15,12,189,238,72
Whitegate,20331, Cork North Division ,4,2,6,0,14,10,10,0,2,1,0,5,6,0
Wicklow,20199, Wicklow Division ,72,43,25,3,101,64,173,19,58,8,5,60,117,28
Williamstown,20544, Galway Division ,5,3,4,0,3,3,15,1,1,0,0,3,2,2
Woodford,20493, Galway Division ,3,3,2,0,3,6,6,2,2,1,0,5,1,0
Youghal,20332, Cork North Division ,36,32,14,1,32,50,59,11,14,2,2,53,52,3