Scheme/Project Name,Funding Programme,LA ,No. of Units,Approved Housing Body,Stage 1 Capital Appraisal,Stage 2 Pre-Planning ,Stage 3 Pre-Tender design,Stage 4 Tender Report or Final Turnkey/CALF approval,Site Start,Practical Completion
"Mill Race Court, Carlow Town",CAS CONSTRUCTION,Carlow,14,Cluid Housing Association,The scheme was Stage 1 approved in Q3 2015 outline design and costs now being prepared,,,,,
"Royal Oak Road, Bagenalstown  ",SHIP CONSTRUCTION,Carlow,24,*N/A,,,,,Scheme started on site in Q3 2016,
"Pound Lane, Borris",SHIP CONSTRUCTION,Carlow,4,*N/A,,,,,Scheme started on site in Q4 2016,
Rural Cottages at Rathvilly & Tullow,SHIP CONSTRUCTION,Carlow,2,*N/A,,,,,Scheme started on site in Q3 2016,
"St Patrick's Park, Tullow",SHIP CONSTRUCTION,Carlow,14,*N/A,,The scheme was Stage 2 approved in Q2 2015 full design/tender being prepared,,,,
Rathvilly,SHIP CONSTRUCTION,Carlow,10,*N/A,,,,,Scheme started on site in Q3 2016,
"Mount Leinster Park, Carlow",SHIP CONSTRUCTION,Carlow,4,*N/A,,,The scheme was Stage 3 approved in Q3 2016 scheme now being tendered,,,
"Maryborough St, Carlow",SHIP CONSTRUCTION,Carlow,5,*N/A,,,,,,Scheme completed in Q4 2016
Myshall,SHIP CONSTRUCTION,Carlow,4,*N/A,The scheme was Stage 1 approved in Q2 2015 outline design and costs now being prepared,,,,,
Hackettstown,SHIP CONSTRUCTION,Carlow,4,*N/A,,,The scheme was Stage 3 approved in Q4 2016 scheme now being tendered,,,
"Sleaty Street, Carlow",SHIP CONSTRUCTION TURNKEY,Carlow,26,*N/A,,,,Approval of turnkey/construction project Q2 2016,,
"Ballincarrig, Wexford Road, Carlow",CAS CONSTRUCTION,Carlow ,7,Tintean Carlow Voluntary Housing Association ,,,,,,Scheme completed in Q4 2016
"Royal Oak Rd, Bagenalstown, Carlow",CAS CONSTRUCTION,Carlow ,6,,,The scheme was Stage 2 approved in Q2 2015 full design/tender being prepared,,,,
"Cluain Dara, Kingscourt",CALF CONSTRUCTION TURNKEY,Cavan ,16,Cluid Housing Association,,,,,,Scheme completed in Q4 2016
"Woodlands, Ballyhaise",SHIP CONSTRUCTION,Cavan ,8,*N/A,,The scheme was Stage 2 approved in Q2 2016 full design/tender being prepared,,,,
Butlersbridge ,SHIP CONSTRUCTION,Cavan ,6,*N/A,,The scheme was Stage 2 approved in Q3 2016 full design/tender being prepared,,,,
"Rosehill, Mullagh (Phase 6) ",SHIP CONSTRUCTION,Cavan ,8,*N/A,The scheme was Stage 1 approved in Q3 2016 outline design and costs now being prepared,,,,,
"Bruachlan, Westbury, Co Clare",CALF CONSTRUCTION,Clare,22,Co-operative Ireland,,,,Approval of turnkey/construction project Q2 2016,,
"Cahercalla, Ennis (Phase 2) ",CAS CONSTRUCTION,Clare,10,Cuan an Chlair,The scheme was Stage 1 approved in Q4 2016 outline design and costs now being prepared,,,,,
"Seaview Park, Quilty",SHIP CONSTRUCTION,Clare,18,*N/A,The scheme was Stage 1 approved in Q2 2015 outline design and costs now being prepared,,,,,
"Laurel Lodge, Clare Road, Ennis",CAS CONSTRUCTION,Clare ,3,"Society of Saint Vincent 
de Paul",,,,,,Scheme completed in Q4 2016
"Kildysart Road, Ennis ",CAS CONSTRUCTION,Clare ,7,Clare Haven Services Ltd.,The scheme was Stage 1 approved in Q3 2015 outline design and costs now being prepared,,,,,
"Tullyglass, Shannon",SHIP CONSTRUCTION,Clare ,21,*N/A,,The scheme was Stage 2 approved in Q2 2016 full design/tender being prepared,,,,
Feakle,SHIP CONSTRUCTION,Clare ,10,*N/A,The scheme was Stage 1 approved in Q4 2016 outline design and costs now being prepared,,,,,
"Glor Srutha, Knockbrack Lower, Clonlara",SHIP CONSTRUCTION,Clare ,10,*N/A,The scheme was Stage 1 approved in Q4 2016 outline design and costs now being prepared,,,,,
"Lios Anama, Sixmilebridge, Clare",CALF CONSTRUCTION TURNKEY,Clare  ,28,Co-operative Ireland,,,,,Scheme started on site in Q3 2016,
Doonbeg,CAS CONSTRUCTION,Clare  ,12,Kilkee Housing Association,The scheme was Stage 1 approved in Q3 2015 outline design and costs now being prepared,,,,,
Firgrove Harrisons lane,CALF CONSTRUCTION,Cork County,6,Co-operative Ireland,,,,,Scheme started on site in Q3 2016,
"College Manor, Cobh",CALF CONSTRUCTION TURNKEY,Cork County,10,The Housing Association,,,,,,Scheme completed in Q4 2016
"Passage West area, Co. Cork",CALF CONSTRUCTION TURNKEY,Cork County,3,Cluid Housing Association,,,,Approval of turnkey/construction project Q4 2016,,
"Fellowship House, Togher",CAS CONSTRUCTION,Cork County,28,Tabor Lodge Addiction & Housing Services,,,,The scheme was Stage 4 approved in Q2 2016 scheme is now fully approved,,
"Avenue House, Bandon",CAS CONSTRUCTION,Cork County,9,Bandon Geriatric & Community Council,,,,,Scheme started on site in Q3 2016,
"Church View, Love Lane, Charleville",CAS CONSTRUCTION,Cork County,2,Charleville Care Project Ltd,,The scheme was Stage 2 approved in Q2 2015 full design/tender being prepared,,,,
"Church View, Love Lane, Charleville",CAS CONSTRUCTION,Cork County,4,Charleville Care Project Ltd,,The scheme was Stage 2 approved in Q2 2015 full design/tender being prepared,,,,
"Townlands, Rosscarbery",CAS CONSTRUCTION,Cork County,9,Rosscarbery Housing Association,The scheme was Stage 1 approved in Q3 2015 outline design and costs now being prepared,,,,,
"Cuan Barra, Kilmore, Ballingeary",CAS CONSTRUCTION,Cork County,3,Coiste Tithe Uibh Laoire Teo,The scheme was Stage 1 approved in Q3 2015 outline design and costs now being prepared,,,,,
"Sisters of Mercy Church and Convent at Knocknamuck, Bantry Bay",CAS CONSTRUCTION,Cork County,16,Cluid Housing Association,The scheme was Stage 1 approved in Q3 2016 outline design and costs now being prepared,,,,,
"St. Francis Court, Youghal",CAS CONSTRUCTION,Cork County,4,Respond!  ,The scheme was Stage 1 approved in Q1 2016 outline design and costs now being prepared,,,,,
"Duntahan Road, fermoy",CAS CONSTRUCTION,Cork County,12,Respond!,The scheme was Stage 1 approved in Q4 2016 outline design and costs now being prepared,,,,,
"Brookwood, Kilnagurteen, Macroom, ",CAS CONSTRUCTION,Cork County,1,Anvers Housing Association,The scheme was Stage 1 approved in Q4 2016 outline design and costs now being prepared,,,,,
Castle Treasure Grove,SHIP CONSTRUCTION,Cork County,1,*N/A,The scheme was Stage 1 approved in Q3 2016 outline design and costs now being prepared,,,,,
"Oliver Plunkett Hill, Fermoy",SHIP CONSTRUCTION,Cork County,10,*N/A,,,,,Scheme started on site in Q4 2015,
"Kilnagleary, Carrigaline",SHIP CONSTRUCTION,Cork County,49,*N/A,The scheme was Stage 1 approved in Q2 2015 outline design and costs now being prepared,,,,,
"Fairfield, Macroom",SHIP CONSTRUCTION,Cork County,7,*N/A,,,The scheme was Stage 3 approved in Q4 2016 scheme now being tendered,,,
"Beechgrove, Clonakilty",SHIP CONSTRUCTION,Cork County,56,*N/A,The scheme was Stage 1 approved in Q2 2016 outline design and costs now being prepared,,,,,
"Droum, Castletownbere",SHIP CONSTRUCTION,Cork County,2,*N/A,,The scheme was Stage 2 approved in Q4 2016 full design/tender being prepared,,,,
"Newtown, Bantry",SHIP CONSTRUCTION,Cork County,1,*N/A,The scheme was Stage 1 approved in Q2 2016 outline design and costs now being prepared,,,,,
"Poulavone, Ballincollig",SHIP CONSTRUCTION,Cork County,67,*N/A,The scheme was Stage 1 approved in Q4 2016 outline design and costs now being prepared,,,,,
"Castletreasure, Douglas (P1&2)",SHIP CONSTRUCTION TURNKEY,Cork County,28,*N/A,,,,,Scheme started on site in Q1 2016,
"College Wood, Cobh",SHIP CONSTRUCTION TURNKEY,Cork County,32,*N/A,,,,,Scheme started on site in Q1 2016,
"Castletreasure, Douglas (P3)",SHIP CONSTRUCTION TURNKEY,Cork County,12,*N/A,,,,,Scheme started on site in Q4 2016,
"Crannard, Fermoy",SHIP CONSTRUCTION TURNKEY,Cork County,52,*N/A,,,,Approval of turnkey/construction project Q3 2016,,
Ballincollig ,SHIP CONSTRUCTION TURNKEY,Cork County,34,*N/A,,,,Approval of turnkey/construction project Q1 2016,,
Passage West ,SHIP CONSTRUCTION TURNKEY,Cork County,26,*N/A,,,,Approval of turnkey/construction project Q4 2015,,
Midelton ,SHIP CONSTRUCTION TURNKEY,Cork County,61,*N/A,,,,Approval of turnkey/construction project Q4 2015,,
Bantry,SHIP CONSTRUCTION TURNKEY,Cork County,30,*N/A,,,,Approval of turnkey/construction project Q4 2016,,
Whitechurch,SHIP CONSTRUCTION TURNKEY,Cork County,12,*N/A,,,,Approval of turnkey/construction project Q2 2016,,
"124 Lr. Glanmire Road & 2 Breamer, Cork",CALF CONSTRUCTION,Cork City,6,Galtan Ltd,,,,Approval of turnkey/construction project Q4 2016,,
"Popes Road, Blackpool, Cork City",CALF CONSTRUCTION TURNKEY,Cork City,7,Cluid Housing Association,,,,Approval of turnkey/construction project Q4 2016,,
Cork City area,CALF CONSTRUCTION TURNKEY,Cork City,18,Cluid Housing Association,,,,Approval of turnkey/construction project Q3 2016,,
"Millfield Cottages, Blackpool, Cork",CALF CONSTRUCTION TURNKEY,Cork City,18,Respond!,,,,Approval of turnkey/construction project Q3 2016,,
"Sonamar, Togher, Waterford Road, Cork",CALF CONSTRUCTION TURNKEY,Cork City,8,Respond!,,,,,Scheme started on site in Q4 2016,
"27-29 Dublin Street, Blackpool, Cork",CAS CONSTRUCTION,Cork City,10,Respond!  ,,,,,Scheme started on site in Q4 2016,
"Thomas Davis Street, Cork City",CAS CONSTRUCTION,Cork City,35,Respond!  ,The scheme was Stage 1 approved in Q3 2015 outline design and costs now being prepared,,,,,
"Saint Vincent's Convent, Vincent's Ave/St. Mary's St. Cork City",CAS CONSTRUCTION,Cork City,25,Respond!  ,The scheme was Stage 1 approved in Q3 2015 outline design and costs now being prepared,,,,,
"Ceanncora Lawn, Ballinlough, Cork",CAS CONSTRUCTION,Cork City,1,Cork Mental Health,,The scheme was Stage 2 approved in Q4 2015 full design/tender being prepared,,,,
"Edel House, Grattan Street",CAS CONSTRUCTION,Cork City,33,Good Shepherd Services Ltd,,The scheme was Stage 2 approved in Q1 2016 full design/tender being prepared,,,,
"St. Joachim & Anne's, Anglesea St",CAS CONSTRUCTION,Cork City,8,Cork Simon,,The scheme was Stage 2 approved in Q3 2016 full design/tender being prepared,,,,
Phase 1 B Knocknaheeny,REGENERATION,Cork City,29,*N/A,,,,,Scheme started on site in Q1 2016,
Phase 2 A Knocknaheeny,REGENERATION,Cork City,47,*N/A,,The scheme was Stage 2 approved in Q4 2016 full design/tender being prepared,,,,
"Deanrock, Togher",SHIP CONSTRUCTION,Cork City,66,*N/A,,The scheme was Stage 2 approved in Q2 2016 full design/tender being prepared,,,,
Gerald Griffin Street,SHIP CONSTRUCTION,Cork City,40,*N/A,,The scheme was Stage 2 approved in Q3 2016 full design/tender being prepared,,,,
Cappanoole,SHIP CONSTRUCTION,Cork City,2,*N/A,,,,,,Scheme completed in Q4 2016
St. Johns Well,SHIP CONSTRUCTION,Cork City,6,*N/A,,The scheme was Stage 2 approved in Q4 2016 full design/tender being prepared,,,,
Shandon Street/John Philpott Curran Street,SHIP CONSTRUCTION,Cork City,9,*N/A,The scheme was Stage 1 approved in Q4 2016 outline design and costs now being prepared,,,,,
Churchfield Place East,SHIP CONSTRUCTION,Cork City,3,*N/A,,The scheme was Stage 2 approved in Q4 2016 full design/tender being prepared,,,,
"Ard Aoibhinn, Banduff, Mayfield",SHIP CONSTRUCTION TURNKEY,Cork City,5,*N/A,,,,Approval of turnkey/construction project Q2 2016,,
Corcorans Quay,SHIP CONSTRUCTION TURNKEY,Cork City,3,*N/A,,,,Approval of turnkey/construction project Q2 2016,,
Church Road,SHIP CONSTRUCTION TURNKEY,Cork City,43,*N/A,,,,Approval of turnkey/construction project Q4 2016,,
"Sheridan Park, Tramore Road",SHIP CONSTRUCTION TURNKEY,Cork City,28,*N/A,,,,,,Scheme completed in Q4 2016
"30 Obelisk Walk, Blackrock",CAS CONSTRUCTION,DLR,1,St. John of God,The scheme was Stage 1 approved in Q4 2016 outline design and costs now being prepared,,,,,
Rochestown House (Phase 2),SHIP CONSTRUCTION,DLR,34,*N/A,,,,,,Scheme completed in Q2 2016
Cromlech Close,SHIP CONSTRUCTION,DLR,15,*N/A,,,,,,Scheme completed in Q3 2016
Clontibret House,SHIP CONSTRUCTION,DLR,4,*N/A,,,,,,Scheme completed in Q4 2016
Shanganagh Park Lodge,SHIP CONSTRUCTION,DLR,1,*N/A,,,,,,Scheme completed in Q3 2016
Rochestown House (Phase 3),SHIP CONSTRUCTION,DLR,14,*N/A,,,,,Scheme started on site in Q3 2016,
Fitzgerald Park,SHIP CONSTRUCTION,DLR,50,*N/A,,,,,Scheme started on site in Q4 2016,
Rosemount Court,SHIP CONSTRUCTION,DLR,44,*N/A,,,,,Scheme started on site in Q4 2016,
St Michaels Terrace,SHIP CONSTRUCTION,DLR,4,*N/A,,,,,Scheme started on site in Q2 2016,
Broadford Rise,SHIP CONSTRUCTION,DLR,21,*N/A,,The scheme was Stage 2 approved in Q4 2016 full design/tender being prepared,,,,
Sallynoggin Park ,SHIP CONSTRUCTION,DLR,4,*N/A,,,,,Scheme started on site in Q4 2016,
Park Close Sallynoggin,SHIP CONSTRUCTION,DLR,10,*N/A,,,,,Scheme started on site in Q4 2016,
Assistant Harbour Master House,SHIP CONSTRUCTION,DLR,2,*N/A,,,,,Scheme started on site in Q4 2016,
"152 Pottery Road, Dun Laoghaire",SHIP CONSTRUCTION,DLR,4,*N/A,,The scheme was Stage 2 approved in Q2 2016 full design/tender being prepared,,,,
"George's Place,",SHIP CONSTRUCTION RAPID,DLR,12,*N/A,,,The scheme was Stage 3 approved in Q4 2016 scheme now being tendered,,,
Churchtown,SHIP CONSTRUCTION RAPID,DLR,28,*N/A,,,,,Scheme started on site in Q3 2016,
Glenamuck/Stillorgan,SHIP CONSTRUCTION RAPID,DLR,14,*N/A,,The scheme was Stage 2 approved in Q4 2016 design/tender being prepared,,,,
"33,35, & 37 Temple Road",SHIP CONSTRUCTION,DLR ,3,*N/A,,,The scheme was Stage 3 approved in Q4 2016 scheme now being tendered,,,
"66 Georges Street, Dun Laoghaire, Co. Dublin",SHIP CONSTRUCTION,DLR ,4,*N/A,,The scheme was Stage 2 approved in Q4 2016 full design/tender being prepared,,,,
 Ballyshannon area,CALF CONSTRUCTION,Donegal,11,Cluid Housing Association,,,,Approval of turnkey/construction project Q2 2015,,
"Forge Road, Donegal",CALF CONSTRUCTION TURNKEY,Donegal,4,Cluid Housing Association,,,,,,Scheme completed in Q3 2016
Ballyshannon,CALF CONSTRUCTION TURNKEY,Donegal,22,Oaklee Housing Trust,,,,Approval of turnkey/construction project Q4 2016,,
"Meenmore, Dungloe",CAS CONSTRUCTION,Donegal,15,Donegal Parents and Friends Housing Association Ltd,The scheme was Stage 1 approved in Q3 2015 outline design and costs now being prepared,,,,,
"Glenrowan House, Drumkeen, Stranorlar",CAS CONSTRUCTION,Donegal,6,Apex Housing Association,The scheme was Stage 1 approved in Q4 2016 outline design and costs now being prepared,,,,,
"Willowbrook, Glencar, Letterkenny",CAS CONSTRUCTION,Donegal,40,Apex Housing Association,The scheme was Stage 1 approved in Q4 2016 outline design and costs now being prepared,,,,,
Ardara (Phase 3) ,SHIP CONSTRUCTION,Donegal,8,*N/A,,,,,Scheme started on site in Q1 2016,
"Ard Connell, Ardara",SHIP CONSTRUCTION,Donegal,1,*N/A,,,,,Scheme started on site in Q1 2016,
Manorcunningham (Phase 1),SHIP CONSTRUCTION,Donegal,2,*N/A,,,,,Scheme started on site in Q2 2016,
Manorcunningham (Phase 2),SHIP CONSTRUCTION,Donegal,8,*N/A,,The scheme was Stage 2 approved in Q4 2016 full design/tender being prepared,,,,
"Railway Park, Drumrooske, Donegal Town",SHIP CONSTRUCTION,Donegal,24,*N/A,,The scheme was Stage 2 approved in Q3 2016 full design/tender being prepared,,,,
"Railway Park, Drumrooske, Donegal Town",CAS CONSTRUCTION,Donegal,10,Oaklee Housing Trust,,The scheme was Stage 2 approved in Q3 2016 full design/tender being prepared,,,,
Newtoncunningham,SHIP CONSTRUCTION,Donegal,7,*N/A,,,,,Scheme started on site in Q4 2016,
Carndonagh Abbots Wood (Phase 2),SHIP CONSTRUCTION,Donegal,4,*N/A,,,The scheme was Stage 3 approved in Q3 2016 scheme now being tendered,,,
Dunfanaghy,SHIP CONSTRUCTION,Donegal,13,*N/A,,The scheme was Stage 2 approved in Q2 2016 full design/tender being prepared,,,,
Buncrana Rockytown (Phase 1),SHIP CONSTRUCTION,Donegal,20,*N/A,,The scheme was Stage 2 approved in Q4 2016 full design/tender being prepared,,,,
"Radharc na Tra Breige, Malin (Phase 3)",SHIP CONSTRUCTION,Donegal,8,*N/A,The scheme was Stage 1 approved in Q4 2016 outline design and costs now being prepared,,,,,
"Long Lane, Letterkenny ",SHIP CONSTRUCTION,Donegal ,34,*N/A,The scheme was Stage 1 approved in Q3 2016 outline design and costs now being prepared,,,,,
"Cois Abhainn, St Johnston (Phase 2)",SHIP CONSTRUCTION,Donegal ,6,*N/A,The scheme was Stage 1 approved in Q3 2016 outline design and costs now being prepared,,,,,
"Emerald Drive, Killybegs (Phase 6)",SHIP CONSTRUCTION,Donegal ,10,*N/A,,The scheme was Stage 2 approved in Q4 2016 full design/tender being prepared,,,,
Ballygall Road East phase 2,CALF CONSTRUCTION,Dublin City,11,Fold Ireland Housing Association,,,,,,Scheme completed in Q1 2016
"Poplar Row, Dublin 3",CALF CONSTRUCTION,Dublin City,29,Oaklee Housing Trust,,,,Approval of turnkey/construction project Q1 2015,,
"St Mary?s Mansions, Dublin 1",CALF CONSTRUCTION,Dublin City,56,Cluid Housing Association,,,,Approval of turnkey/construction project Q1 2015,,
"Richmond Road, Dublin 9",CALF CONSTRUCTION,Dublin City,39,Co-operative Ireland,,,,Approval of turnkey/construction project Q4 2015,,
"Wad River Close, Ballymun, Dublin 9",CALF CONSTRUCTION,Dublin City,8,Cluid Housing Association,,,,Approval of turnkey/construction project Q2 2016,,
"Raleigh Square, Crumlin",CALF CONSTRUCTION,Dublin City,33,The Housing Association,,,,Approval of turnkey/construction project Q4 2016,,
"Harolds Cross, Dublin 6",CALF CONSTRUCTION,Dublin City,28,Focus Ireland,,,,,,Scheme completed in Q4 2016
"Broome Lodge,
Dunmanus Court, Cabra",CALF CONSTRUCTION,Dublin City,33,Cluid Housing Association,,,,,Scheme started on site in Q1 2016,
"Annamore Court, Ballyfermot",CALF CONSTRUCTION,Dublin City,70,The Iveagh Trust,,,,,Scheme started on site in Q1 2016,
"Orchard Lawns, Ballyfermot",CALF CONSTRUCTION,Dublin City,72,Co-operative Ireland,,,,,Scheme started on site in Q4 2016,
" An Riasc, Farnham Drive, Finglas",CALF CONSTRUCTION TURNKEY,Dublin City,14,The Housing Association,,,,,,Scheme completed in Q2 2016
"Thornwood, Beaumont",CALF CONSTRUCTION TURNKEY,Dublin City,46,The Housing Association,,,,,,Scheme completed in Q2 2016
"St Agnes Convent, Armagh Road, Crumlin, Dublin 12",CALF CONSTRUCTION TURNKEY,Dublin City,97,Fold Ireland Housing Association,,,,Approval of turnkey/construction project Q4 2016,,
"An Riasc, Finglas, Phase 1,2,3 and 4",CALF CONSTRUCTION TURNKEY,Dublin City,35,The Housing Association,,,,,Scheme started on site in Q3 2015,
"Thornwood, Beaumont",CALF CONSTRUCTION TURNKEY,Dublin City,22,The Housing Association,,,,,Scheme started on site in Q1 2016,
"Merville Court, Merville Avenue, Fairview",CALF CONSTRUCTION TURNKEY,Dublin City,5,Co-operative Ireland,,,,,Scheme started on site in Q2 2016,
"Stormanstown Hall, Ballymun Road, (revised)",CALF CONSTRUCTION TURNKEY,Dublin City,42,Oaklee Housing Trust,,,,,Scheme started on site in Q4 2016,
"Broome Lodge, Dunmanus, Dublin 7",CAS CONSTRUCTION,Dublin City,10,Cluid Housing Association,,,,,Scheme started on site in Q1 2016,
"St Agathas Court, North William Street, Dublin 1",CAS CONSTRUCTION,Dublin City,11,Peter McVerry,,,,,Scheme started on site in Q2 2016,
180-187 Townsend Street,CAS CONSTRUCTION,Dublin City,18,Peter McVerry,The scheme was Stage 1 approved in Q3 2015 outline design and costs now being prepared,,,,,
"High Park, Dublin City",CAS CONSTRUCTION,Dublin City,8,Respond!  ,The scheme was Stage 1 approved in Q3 2015 outline design and costs now being prepared,,,,,
"Beechill, Dublin 4",CAS CONSTRUCTION,Dublin City,20,RHDVHA,,The scheme was Stage 2 approved in Q3 2016 full design/tender being prepared,,,,
"Ellis Court, Dublin",CAS CONSTRUCTION,Dublin City,23,The Housing Association,,The scheme was Stage 2 approved in Q3 2016 full design/tender being prepared,,,,
"Rafter's Lane, Dublin 12",CAS CONSTRUCTION,Dublin City,15,Walkinston Housing,The scheme was Stage 1 approved in Q3 2015 outline design and costs now being prepared,,,,,
"Dolphin House, D8 Phase 1",REGENERATION,Dublin City,100,*N/A,,,,,Scheme started on site in Q4 2016,
Dominick Street,REGENERATION,Dublin City,73,*N/A,The scheme was Stage 1 approved in Q2 2016 outline design and costs now being prepared,,,,,
Sackville Avenue Cottages,REGENERATION,Dublin City,12,*N/A,The scheme was Stage 1 approved in Q2 2016 outline design and costs now being prepared,,,,,
O'Devaney Gardens,REGENERATION,Dublin City,56,*N/A,The scheme was Stage 1 approved in Q4 2016 outline design and costs now being prepared,,,,,
Maxwell Road,REGENERATION,Dublin City,9,*N/A,,,,,,Scheme completed in Q2 2016
"Bunratty Road Phase 1c, Dublin 17",SHIP CONSTRUCTION,Dublin City,62,*N/A,The scheme was Stage 1 approved in Q2 2015 outline design and costs now being prepared,,,,,
"Cornamona, Ballyfermot, Dublin 12",SHIP CONSTRUCTION,Dublin City,60,*N/A,The scheme was Stage 1 approved in Q2 2015 outline design and costs now being prepared,,,,,
"North King Street, Dublin 7",SHIP CONSTRUCTION,Dublin City,30,*N/A,,The scheme was Stage 2 approved in Q2 2016 full design/tender being prepared,,,,
"Infirmary Road, Dublin 7",SHIP CONSTRUCTION,Dublin City,30,*N/A,The scheme was Stage 1 approved in Q2 2015 outline design and costs now being prepared,,,,,
"Belcamp B, Dublin 17",SHIP CONSTRUCTION,Dublin City,12,*N/A,,The scheme was Stage 2 approved in Q3 2015 full design/tender being prepared,,,,
"Belcamp C, Dublin 17",SHIP CONSTRUCTION,Dublin City,16,*N/A,,The scheme was Stage 2 approved in Q3 2015 full design/tender being prepared,,,,
"Ballybough Road, Dublin 1",SHIP CONSTRUCTION,Dublin City,7,*N/A,,,,,Scheme started on site in Q4 2016,
"Priory Hall, Dublin 13",SHIP CONSTRUCTION,Dublin City,35,*N/A,,,,,Scheme started on site in Q4 2014,
"Hampton Wood, Finglas, Dublin 11 (Pt.V)",SHIP CONSTRUCTION,Dublin City,25,*N/A,,,,,,Scheme completed in Q4 2016
"Poppintree, Ballymun",SHIP CONSTRUCTION RAPID,Dublin City,22,*N/A,,,,,,Scheme completed in Q2 2016
"Cherry Orchard, Ballyfermot",SHIP CONSTRUCTION RAPID,Dublin City,24,*N/A,,,,,Scheme started on site in Q4 2016,
Mourne Road,SHIP CONSTRUCTION RAPID,Dublin City,29,*N/A,,,,,Scheme started on site in Q3 2016,
"St Helenas, Finglas",SHIP CONSTRUCTION RAPID,Dublin City,40,*N/A,,,,,Scheme started on site in Q4 2016,
"Belcamp, Dublin 17",SHIP CONSTRUCTION RAPID,Dublin City,38,*N/A,,,,,Scheme started on site in Q3 2016,
Wood bank/Rathvilly,SHIP CONSTRUCTION RAPID,Dublin City,17,*N/A,,,The scheme was Stage 3 approved in Q4 2016 scheme now being tendered,,,
Cherry Orchard,SHIP CONSTRUCTION RAPID,Dublin City,53,*N/A,,,The scheme was Stage 3 approved in Q4 2016 scheme now being tendered,,,
Bunratty Road,SHIP CONSTRUCTION RAPID,Dublin City,60,*N/A,,,Scheme now being tendered,,,
"Castlegrange (2), Clonsilla",CALF CONSTRUCTION TURNKEY,Fingal,19,The Housing Association,,,,,,Scheme completed in Q2 2016
"Castlegrange (2), Clonsilla",CALF CONSTRUCTION TURNKEY,Fingal,25,The Housing Association,,,,,Scheme started on site in Q4 2015,
"Hansfield, Clonsilla, Dublin 15",CALF CONSTRUCTION TURNKEY,Fingal,98,The Housing Association,,,,,Scheme started on site in Q3 2016,
"Dun Emer, Lusk",CALF CONSTRUCTION TURNKEY,Fingal,54,The Housing Association,,,,Approval of turnkey/construction project Q4 2016,,
"The Gallery, Donabate",CALF CONSTRUCTION TURNKEY,Fingal,43,Oaklee Housing Trust,,,,Approval of turnkey/construction project Q3 2016,,
"Darcystown, Ringfort, Balrothery, Co Dublin",CAS CONSTRUCTION,Fingal,9,"North & East Housing 
Association",,,,,Scheme started on site in Q2 2016,
"Estuary Road, Malahide, Co Dublin",CAS CONSTRUCTION,Fingal,8,"Society of Saint Vincent 
de Paul",,,The scheme was Stage 3 approved in Q3 2016 scheme now being tendered,,,
"22 College Street, Baldoyle, Co Dublin",CAS CONSTRUCTION,Fingal,4,Cluid Housing Association,,The scheme was Stage 2 approved in Q3 2016 full design/tender being prepared,,,,
"Church Road/Ladyswell Road, Mulhuddart",CAS CONSTRUCTION,Fingal,22,Cluid Housing Association,The scheme was Stage 1 approved in Q3 2015 outline design and costs now being prepared,,,,,
"Balglass Road, Howth",CAS CONSTRUCTION,Fingal,15,Fold Ireland Housing Association,The scheme was Stage 1 approved in Q3 2015 outline design and costs now being prepared,,,,,
Ravenswood,CAS CONSTRUCTION,Fingal,6,Peter McVerry,,The scheme was Stage 2 approved in Q2 2016 full design/tender being prepared,,,,
"St. Conan's Cottages, Swords",SHIP CONSTRUCTION,Fingal,1,*N/A,,,,,,Scheme completed in Q2 2016
"St. Cronan's Green, Swords",SHIP CONSTRUCTION,Fingal,14,*N/A,,,,,,Scheme completed in Q2 2016
Cappaghfinn (Phase 1),SHIP CONSTRUCTION,Fingal,14,*N/A,,,,,,Scheme completed in Q2 2016
"Racecourse Common, Lusk (Phase 2)",SHIP CONSTRUCTION,Fingal,74,*N/A,,,,,Scheme started on site in Q4 2016,
"The Grange, Ballyboughal",SHIP CONSTRUCTION,Fingal,8,*N/A,,,,,Scheme started on site in Q4 2016,
"Rathbeale Road, Swords",SHIP CONSTRUCTION,Fingal,24,*N/A,The scheme was Stage 1 approved in Q2 2015 outline design and costs now being prepared,,,,,
Cappaghfinn (Phase 2),SHIP CONSTRUCTION,Fingal,32,*N/A,,,The scheme was Stage 3 approved in Q4 2016 scheme now being tendered,,,
Castlelands Part View (Phase 3),SHIP CONSTRUCTION,Fingal,24,*N/A,,,,,Scheme started on site in Q4 2016,
Wellview Mulhuddart,SHIP CONSTRUCTION RAPID,Fingal,20,*N/A,,,The scheme was Stage 3 approved in Q4 2016 scheme now being tendered,,,
"Pinewood, Balbriggan",SHIP CONSTRUCTION RAPID,Fingal,25,*N/A,,,The scheme was Stage 3 approved in Q4 2016 scheme now being tendered,,,
Letterfrack (Phase 1),CAS CONSTRUCTION,Galway County,13,Cluid Housing Association,,,,,,Scheme completed in Q2 2016
"Dunlo Hill, Ballinasloe",CAS CONSTRUCTION,Galway County,17,Cluid Housing Association,,,The scheme was Stage 3 approved in Q1 2016 scheme now being tendered,,,
Mountbellew,CAS CONSTRUCTION,Galway County,5,Mountbellew Housing Association,The scheme was Stage 1 approved in Q3 2015 outline design and costs now being prepared,,,,,
"Eanach Mheain, Carraroe",CAS CONSTRUCTION,Galway County,13,Tearmann Eanna Teo,The scheme was Stage 1 approved in Q3 2015 outline design and costs now being prepared,,,,,
"Rossaveal Cottages, Ros a Mhil, South Connemara",CAS CONSTRUCTION,Galway County,8,Tearmann Eanna Teo,The scheme was Stage 1 approved in Q4 2016 outline design and costs now being prepared,,,,,
Claregalway,CAS CONSTRUCTION,Galway County,12,Claregalway Housing Association,The scheme was Stage 1 approved in Q3 2015 outline design and costs now being prepared,,,,,
"Weir Road, Tuam",SHIP CONSTRUCTION,Galway County,30,*N/A,,The scheme was Stage 2 approved in Q3 2016 full design/tender being prepared,,,,
"Garbally Drive, Ballinasloe",SHIP CONSTRUCTION,Galway County,10,*N/A,,The scheme was Stage 2 approved in Q2 2016 full design/tender being prepared,,,,
"Spiddal Cottages, Co Galway",CALF CONSTRUCTION,Galway County,31,Cluid Housing Association,,,,Approval of turnkey/construction project Q1 2016,,
"Esker Fields, Ballinasloe",SHIP CONSTRUCTION,Galway County,2,*N/A,The scheme was Stage 1 approved in Q2 2015 outline design and costs now being prepared,,,,,
"Gilmartin Road, Tuam",SHIP CONSTRUCTION,Galway County,40,*N/A,The scheme was Stage 1 approved in Q2 2015 outline design and costs now being prepared,,,,,
"Gort Mhailor, Athenry (Phase 2)",SHIP CONSTRUCTION,Galway County,10,*N/A,The scheme was Stage 1 approved in Q2 2015 - Scheme is on hold while drainage issues are addressed.,,,,,
"Reilean, Roscam, Block 5 Galway",CALF CONSTRUCTION TURNKEY,Galway City,12,The Housing Association,,,,,Scheme started on site in Q4 2015,
"Reilean, Roscam,Block 4 Galway",CALF CONSTRUCTION TURNKEY,Galway City,12,The Housing Association,,,,,Scheme started on site in Q4 2015,
" Ballinasloe Area, Galway",CALF CONSTRUCTION TURNKEY,Galway City,39,Cluid Housing Association,,,,Approval of turnkey/construction project Q3 2016,,
"Maoilin, Ballymoneen Road, Galway",CALF CONSTRUCTION TURNKEY,Galway City,6,The Housing Association,,,,,Scheme started on site in Q2 2015,
47 Forster Street,CAS CONSTRUCTION,Galway City,9,"Cope, Galway",,The scheme was Stage 2 approved in Q4 2016 full design/tender being prepared,,,,
"Cul Garrai, Rahoon",CAS CONSTRUCTION,Galway City,6,Peter Triest Housing Association,,The scheme was Stage 2 approved in Q3 2016 full design/tender being prepared,,,,
97/98 Rockfield,CAS CONSTRUCTION,Galway City,4,Carrig Dubh Housing Association,,,,,Scheme started on site in Q3 2016,
Ballymoneen Road (Phase 1),SHIP CONSTRUCTION,Galway City,14,*N/A,,,The scheme was Stage 3 approved in Q1 2016 scheme now being tendered,,,
Ballymoneen Road (Phase 2),SHIP CONSTRUCTION,Galway City,55,*N/A,The scheme was Stage 1 approved in Q1 2016 outline design and costs now being prepared,,,,,
"Boireann Beag, Ros Cam, Galway",CALF CONSTRUCTION TURNKEY,Galway City ,16,Cluid Housing Association,,,,,,Scheme completed in Q4 2016
"The Parsonage, Caherciveen",CAS CONSTRUCTION,Kerry,5,"Caherciveen Social 
Services",The scheme was Stage 1 approved in Q2 2015 outline design and costs now being prepared,,,,,
Mitchels-Boherbee,CAS CONSTRUCTION,Kerry,16,Cluid Housing Association,The scheme was Stage 1 approved in Q2 2015 outline design and costs now being prepared,,,,,
Mitchels-Hawley Park,CAS CONSTRUCTION,Kerry,15,"Kingdom Voluntary 
Housing",The scheme was Stage 1 approved in Q3 2016 outline design and costs now being prepared,,,,,
"22 College Road, Castleisland",CAS CONSTRUCTION,Kerry,4,Kerry Immigrants.,,The scheme was Stage 2 approved in Q3 2016 full design/tender being prepared,,,,
"Armagh House, Killarney",CAS CONSTRUCTION,Kerry,6,Cluid Housing Association,The scheme was Stage 1 approved in Q3 2016 outline design and costs now being prepared,,,,,
"Urban Terrace, Tralee",REGENERATION,Kerry,2,*N/A,,,,,,Scheme completed in Q4 2016
"Clonmore Road, Tralee",REGENERATION,Kerry,3,*N/A,,,,,,Scheme completed in Q4 2016
"The Park, Killarney",SHIP CONSTRUCTION,Kerry,20,*N/A,,,The scheme was Stage 3 approved in Q2 2016 scheme now being tendered,,,
Single Rural Dwellings,SHIP CONSTRUCTION,Kerry,3,*N/A,,,The scheme was Stage 3 approved in Q4 2016 scheme now being tendered,,,
Bill Kinnerk Road,SHIP CONSTRUCTION,Kerry,4,*N/A,,,The scheme was Stage 3 approved in Q2 2016 scheme now being tendered,,,
Lixnaw,SHIP CONSTRUCTION,Kerry,4,*N/A,,,,The scheme was Stage 4 approved in Q4 2016 scheme is now fully approved,,
"Killeen, Tralee",SHIP CONSTRUCTION,Kerry,21,*N/A,,The scheme was Stage 2 approved in Q2 2016 full design/tender being prepared,,,,
Listowel,SHIP CONSTRUCTION,Kerry,7,*N/A,,The scheme was Stage 2 approved in Q2 2016 full design/tender being prepared,,,,
Milltown,SHIP CONSTRUCTION,Kerry,9,*N/A,The scheme was Stage 1 approved in Q1 2016 outline design and costs now being prepared,,,,,
Kenmare,SHIP CONSTRUCTION,Kerry,22,*N/A,,The scheme was Stage 2 approved in Q3 2016 full design/tender being prepared,,,,
Listowel,SHIP CONSTRUCTION,Kerry,1,*N/A,,,,,Scheme started on site in Q3 2016,
Rathmore/Barraduff,SHIP CONSTRUCTION,Kerry,20,*N/A,The scheme was Stage 1 approved in Q3 2016 outline design and costs now being prepared,,,,,
"Ardmoneel, Killorglin",SHIP CONSTRUCTION,Kerry,14,*N/A,The scheme was Stage 1 approved in Q3 2016 outline design and costs now being prepared,,,,,
"Cathair Lakes Farrantoreen Road, Killorglin, Co Kerry",CALF CONSTRUCTION TURNKEY,Kerry ,6,Cluid Housing Association,,,,,,Scheme completed in Q2 2016
"Cro¡lar Na Mistaelach, Tralee",REGENERATION,Kerry ,11,*N/A,,,Pre tender approved Q4 2016,,,
"St Martin's Park, Tralee",REGENERATION,Kerry ,4,*N/A,,,Pre tender approved Q4 2016,,,
"Dingle Road, Tralee",REGENERATION,Kerry ,1,*N/A,,,,Approval of planned construction project Q4 2016,,
"Roseberry Hill, Newbridge",CALF CONSTRUCTION TURNKEY,Kildare,45,The Housing Association,,,,,Scheme started on site in Q2 2016,
"Craddockstown, Naas",CAS CONSTRUCTION,Kildare,4,KARE,The scheme was Stage 1 approved in Q4 2016 outline design and costs now being prepared,,,,,
"Main St., Kilcullen",CAS CONSTRUCTION,Kildare,4,Camphill Communities of Ireland,,The scheme was Stage 2 approved in Q4 2016 full design/tender being prepared,,,,
"Jigginstown House, Naas",CAS CONSTRUCTION,Kildare,14,Homeless Care Ltd,,The scheme was Stage 2 approved in Q4 2016 full design/tender being prepared,,,,
"El Kantara, Newbridge",CAS CONSTRUCTION,Kildare,2,KARE,The scheme was Stage 1 approved in Q1 2016 outline design and costs now being prepared,,,,,
"27 Mansfield Grove, Athy",CAS CONSTRUCTION,Kildare,4,KARE,The scheme was Stage 1 approved in Q1 2016 outline design and costs now being prepared,,,,,
"Athgarvan Road, Newbridge",SHIP CONSTRUCTION,Kildare,13,*N/A,,,The scheme was Stage 3 approved in Q1 2016 scheme now being tendered,,,
Kilcock (Phase 2),SHIP CONSTRUCTION,Kildare ,20,*N/A,,,,,Scheme started on site in Q4 2016,
Bishopsland,SHIP CONSTRUCTION,Kildare ,34,*N/A,,The scheme was Stage 2 approved in Q3 2016 full design/tender being prepared,,,,
Rathagan,SHIP CONSTRUCTION,Kildare ,18,*N/A,The scheme was Stage 1 approved in Q2 2016 outline design and costs now being prepared,,,,,
Prosperous,SHIP CONSTRUCTION,Kildare ,12,*N/A,,The scheme was Stage 2 approved in Q3 2016 full design/tender being prepared,,,,
"Rathasker, Naas",SHIP CONSTRUCTION,Kildare ,50,*N/A,The scheme was Stage 1 approved in Q1 2016 outline design and costs now being prepared,,,,,
Athgarvan,SHIP CONSTRUCTION,Kildare ,30,*N/A,The scheme was Stage 1 approved in Q3 2016 outline design and costs now being prepared,,,,,
"Walkin Street, Kilkenny",CALF CONSTRUCTION,Kilkenny,43,Oaklee Housing Trust,,,,Approval of turnkey/construction project Q1 2014,,
"Golf Links Road, Kilkenny",CALF CONSTRUCTION TURNKEY,Kilkenny,39,Respond!,,,,Approval of turnkey/construction project Q4 2015,,
North Kilkenny,CALF CONSTRUCTION TURNKEY,Kilkenny,9,Oaklee Housing Trust,,,,Approval of turnkey/construction project Q4 2016,,
"Friary Walk, Callan",CAS CONSTRUCTION,Kilkenny,12,Cluid Housing Association,,,,,,Scheme completed in Q3 2016
"""Brooke House"", Thomastown",CAS CONSTRUCTION,Kilkenny,5,Camphill Communities of Ireland,,,,,Scheme started on site in Q3 2016,
Good Shepherd Centre Wing 1952,CAS CONSTRUCTION,Kilkenny,12,"The Good Shepherd 
Centre",The scheme was Stage 1 approved in Q3 2015 outline design and costs now being prepared,,,,,
Nimble Spaces Project at Callan,CAS CONSTRUCTION,Kilkenny,16,Camphill Communities of Ireland,The scheme was Stage 1 approved in Q3 2015 outline design and costs now being prepared,,,,,
"Greenshill, Kilkenny",CAS CONSTRUCTION,Kilkenny,6,"The Good Shepherd 
Centre",The scheme was Stage 1 approved in Q3 2015 outline design and costs now being prepared,,,,,
"Ballytobin, Callan",CAS CONSTRUCTION,Kilkenny,4,Camphill Communities of Ireland,The scheme was Stage 1 approved in Q3 2014 outline design and costs now being prepared,,,,,
"Golf Links Road, Kilkenny",CAS CONSTRUCTION,Kilkenny,15,Respond!  ,The scheme was Stage 1 approved in Q2 2016 outline design and costs now being prepared,,,,,
"Gaol Rooad, Kilkenny",SHIP CONSTRUCTION,Kilkenny,10,*N/A,,,,,,Scheme completed in Q3 2016
"Rosehill, Kiells Road, Kilkenny",SHIP CONSTRUCTION,Kilkenny,6,*N/A,,,,,,Scheme completed in Q4 2016
"The Butts, Kilkenny",SHIP CONSTRUCTION,Kilkenny,22,*N/A,The scheme was Stage 1 approved in Q2 2015 outline design and costs now being prepared,,,,,
"Abbeyquarter Vicar Street, Kilkenny",SHIP CONSTRUCTION,Kilkenny,30,*N/A,The scheme was Stage 1 approved in Q2 2015 outline design and costs now being prepared,,,,,
"Donaguile, Castlecomer",SHIP CONSTRUCTION,Kilkenny,18,*N/A,The scheme was Stage 1 approved in Q2 2015 outline design and costs now being prepared,,,,,
"Bolton, Callan",SHIP CONSTRUCTION,Kilkenny,39,*N/A,The scheme was Stage 1 approved in Q2 2015 outline design and costs now being prepared,,,,,
"Robertshill, Kilkenny",SHIP CONSTRUCTION,Kilkenny,10,*N/A,The scheme was Stage 1 approved in Q2 2015 outline design and costs now being prepared,,,,,
"Main Street, Piltown",SHIP CONSTRUCTION,Kilkenny,18,*N/A,The scheme was Stage 1 approved in Q4 2016 outline design and costs now being prepared,,,,,
"Station Road, Ballyragget",SHIP CONSTRUCTION,Kilkenny,14,*N/A,The scheme was Stage 1 approved in Q4 2016 outline design and costs now being prepared,,,,,
"Newpark, Casltecomer Road, Kilkenny",SHIP CONSTRUCTION TURNKEY,Kilkenny ,7,*N/A,,,,,Scheme started on site in Q1 2016,
"Togher Way, Urlingford",SHIP CONSTRUCTION TURNKEY,Kilkenny ,11,*N/A,,,,Approval of turnkey/construction project Q4 2016,,
Cluin Inn Mountrath,CALF CONSTRUCTION,Laois,11,Oaklee Housing Trust,,,,Approval of turnkey/construction project Q2 2015,,
"Wilton Lawns, Portarlington, Co. Laois",CALF CONSTRUCTION TURNKEY,Laois,2,The Housing Association,,,,Approval of turnkey/construction project Q4 2016,,
"Abbeyleix Road, Portlaoise",CAS CONSTRUCTION,Laois,16,Respond!  ,The scheme was Stage 1 approved in Q3 2015 outline design and costs now being prepared,,,,,
"St. Fintan's Hospital, Dublin Road, Portlaoise",CAS CONSTRUCTION,Laois,8,Oaklee Housing Trust,The scheme was Stage 1 approved in Q3 2015 outline design and costs now being prepared,,,,,
"Ballymorris Road, Portarlington",SHIP CONSTRUCTION,Laois,20,*N/A,The scheme was Stage 1 approved in Q3 2016 outline design and costs now being prepared,,,,,
"Conniberry Way, Old Knockmay Road, Portlaoise",SHIP CONSTRUCTION,Laois ,33,*N/A,,,,,Scheme started on site in Q4 2016,
"Shannon Street, Mountrath",SHIP CONSTRUCTION,Laois ,8,*N/A,,The scheme was Stage 2 approved in Q1 2016 full design/tender being prepared,,,,
Pattison Est. Mountmellick,SHIP CONSTRUCTION,Laois ,10,*N/A,The scheme was Stage 1 approved in Q2 2015 outline design and costs now being prepared,,,,,
"Harpurs Lane, Portlaoise ",SHIP CONSTRUCTION,Laois ,1,*N/A,The scheme was Stage 1 approved in Q4 2016 outline design and costs now being prepared,,,,,
"Gleann na Glaise, Ballyroan",SHIP CONSTRUCTION,Laois ,10,*N/A,The scheme was Stage 1 approved in Q3 2016 outline design and costs now being prepared,,,,,
Ballinamore,CAS CONSTRUCTION,Leitrim,2,"Society of Saint Vincent 
de Paul",,,The scheme was Stage 3 approved in Q4 2016 scheme now being tendered,,,
"Taobh Tire, Manorhamilton (Phase 2)",SHIP CONSTRUCTION,Leitrim ,7,*N/A,,The scheme was Stage 2 approved in Q3 2016 full design/tender being prepared,,,,
"Hyde Road, Limerick City",CALF CONSTRUCTION,Limerick,20,Cluid Housing Association,,,,,Scheme started on site in Q3 2016,
Mirth Thomondgate,CALF CONSTRUCTION,Limerick,18,Associated Charities Trust,,,,Approval of turnkey/construction project Q1 2014,,
"Mungret Area , Co Limerick",CALF CONSTRUCTION TURNKEY,Limerick,8,Cluid Housing Association,,,,,Scheme started on site in Q4 2016,
"Cuan Mhuire, Bruree",CAS CONSTRUCTION,Limerick,6,"Cuan Mhuire, Bruree",,,,The scheme was Stage 4 approved in Q4 2016 scheme is now fully approved,,
"Speakers Corner, Limerick City ",CAS CONSTRUCTION,Limerick,4,Mid West Simon,,The scheme was Stage 2 approved in Q3 2016 full design/tender being prepared,,,,
"Drominbeg, Rhebogue",CAS CONSTRUCTION,Limerick,21,NABCO,The scheme was Stage 1 approved in Q3 2015 outline design and costs now being prepared,,,,,
Cappamore,CAS CONSTRUCTION,Limerick,12,Cappamore Housing Association,The scheme was Stage 1 approved in Q1 2016 outline design and costs now being prepared,,,,,
"Lord Edward Street, P2: Main Contract*",REGENERATION,Limerick,81,*N/A,,,,,Scheme started on site in Q1 2016,
Gaol Lane New Build,REGENERATION,Limerick,1,*N/A,,The scheme was Stage 2 approved in Q3 2016 full design/tender being prepared,,,,
Sheep / Athlunkards Street,REGENERATION,Limerick,8,*N/A,,The scheme was Stage 2 approved in Q2 2014 full design/tender being prepared,,,,
"Churchfield, Phase 1",REGENERATION,Limerick,42,*N/A,,,,,Scheme started on site in Q3 2016,
"Churchfield, Phase 2",REGENERATION,Limerick,38,*N/A,,The scheme was Stage 2 approved in Q4 2014 full design/tender being prepared,,,,
Cosgrave Park,REGENERATION,Limerick,30,*N/A,,The scheme was Stage 2 approved in Q1 2015 full design/tender being prepared,,,,
Palm Close,REGENERATION,Limerick,26,*N/A,,The scheme was Stage 2 approved in Q3 2016 full design/tender being prepared,,,,
Orchard Site,REGENERATION,Limerick,27,*N/A,The scheme was Stage 1 approved in Q1 2013 outline design and costs now being prepared,,,,,
176-177 Cliona Park ,REGENERATION,Limerick,2,*N/A,,,,,,Scheme completed in Q2 2016
Cliona Park Phase 2,REGENERATION,Limerick,10,*N/A,,,,,Scheme started on site in Q4 2015,
8-10 Gaol Lane,REGENERATION,Limerick,3,*N/A,,,,,,Scheme completed in Q4 2016
1-3 Weston Gardens,REGENERATION,Limerick,3,*N/A,,,,,,Scheme completed in Q2 2016
Moyross Rebuild,REGENERATION,Limerick,6,*N/A,,,,,,Scheme completed in Q4 2016
Southhill Rebuild,REGENERATION,Limerick,8,*N/A,,,,,,Scheme completed in Q4 2016
St. Mary's Park Rebuild,REGENERATION,Limerick,9,*N/A,,,,,,Scheme completed in Q4 2016
BCW Rebuild,REGENERATION,Limerick,14,*N/A,,,,,,Scheme completed in Q4 2016
St. Mary's Park Infills,REGENERATION,Limerick,19,*N/A,,The scheme was Stage 2 approved in Q2 2016 full design/tender being prepared,,,,
Cliona Park Phase 3,REGENERATION,Limerick,18,*N/A,,The scheme was Stage 2 approved in Q3 2016 full design/tender being prepared,,,,
Carew Park,REGENERATION,Limerick,37,*N/A,The scheme was Stage 1 approved in Q1 2015 outline design and costs now being prepared,,,,,
45-46 Cliona Park,REGENERATION,Limerick,2,*N/A,,The scheme was Stage 2 approved in Q1 2016 full design/tender being prepared,,,,
Dalgaish Park,REGENERATION,Limerick,17,*N/A,The scheme was Stage 1 approved in Q2 2015 outline design and costs now being prepared,,,,,
Markievicz Drive,REGENERATION,Limerick,13,*N/A,The scheme was Stage 1 approved in Q1 2015 outline design and costs now being prepared,,,,,
"Clonmacken, Limerick City",SHIP CONSTRUCTION,Limerick,40,*N/A,The scheme was Stage 1 approved in Q2 2015 outline design and costs now being prepared,,,,,
"Deerpark, Adare",SHIP CONSTRUCTION,Limerick,30,*N/A,The scheme was Stage 1 approved in Q2 2015 outline design and costs now being prepared,,,,,
"Glenview Drive, Hospital",SHIP CONSTRUCTION,Limerick,20,*N/A,The scheme was Stage 1 approved in Q2 2015 outline design and costs now being prepared,,,,,
"Lisheen Park, Patrickswell",SHIP CONSTRUCTION,Limerick,20,*N/A,The scheme was Stage 1 approved in Q2 2015 outline design and costs now being prepared,,,,,
"Wallers Well, Limerick City (Phase 2)",SHIP CONSTRUCTION,Limerick,18,*N/A,The scheme was Stage 1 approved in Q3 2015 outline design and costs now being prepared,,,,,
"Joseph Street, Limerick City",SHIP CONSTRUCTION,Limerick,3,*N/A,The scheme was Stage 1 approved in Q3 2015 outline design and costs now being prepared,,,,,
"Rathbane Road, Limerick City",SHIP CONSTRUCTION,Limerick,2,*N/A,The scheme was Stage 1 approved in Q4 2013 outline design and costs now being prepared,,,,,
"Sycamore Avenue, Limerick City",SHIP CONSTRUCTION,Limerick,4,*N/A,The scheme was Stage 1 approved in Q4 2013 outline design and costs now being prepared,,,,,
"Clare Street, Limerick City",SHIP CONSTRUCTION,Limerick,6,*N/A,The scheme was Stage 1 approved in Q1 2014 outline design and costs now being prepared,,,,,
"Hassett Villas, Thomondgate",SHIP CONSTRUCTION,Limerick,3,*N/A,The scheme was Stage 1 approved in Q1 2014 outline design and costs now being prepared,,,,,
"Kilmurry Court, Garryowen",SHIP CONSTRUCTION,Limerick,6,*N/A,,The scheme was Stage 2 approved in Q4 2016 full design/tender being prepared,,,,
"Site Adj. to Athlunkard Boat Club, Limerick City",SHIP CONSTRUCTION,Limerick,4,*N/A,The scheme was Stage 1 approved in Q3 2016 outline design and costs now being prepared,,,,,
Sexton Street North & Kileely Court,SHIP CONSTRUCTION,Limerick,10,*N/A,The scheme was Stage 1 approved in Q3 2016 outline design and costs now being prepared,,,,,
"Childers Road, Limerick City",SHIP CONSTRUCTION,Limerick,24,*N/A,The scheme was Stage 1 approved in Q3 2016 outline design and costs now being prepared,,,,,
"Gough Place, Rosbrien Road, Limerick",SHIP CONSTRUCTION,Limerick,7,*N/A,The scheme was Stage 1 approved in Q3 2016 outline design and costs now being prepared,,,,,
"Chas Flats, Limerick City",SHIP CONSTRUCTION,Limerick,3,*N/A,The scheme was Stage 1 approved in Q3 2016 outline design and costs now being prepared,,,,,
"1-12 Burke Avenue, Limerick City ",SHIP CONSTRUCTION,Limerick,12,*N/A,The scheme was Stage 1 approved in Q3 2016 outline design and costs now being prepared,,,,,
"Cartrun Breac, Lisbrack Rd, Longford",CALF CONSTRUCTION TURNKEY,Longford,7,Cluid Housing Association,,,,,Scheme started on site in Q3 2016,
"Mill Race Park, Drumlish",SHIP CONSTRUCTION TURNKEY,Longford,14,*N/A,,,,,Scheme started on site in Q4 2016,
"Edgeworthstown Road, Ballymahon",SHIP CONSTRUCTION,Longford ,4,*N/A,,,The scheme was Stage 3 approved in Q3 2016 scheme now being tendered,,,
"Rathcline Rd, Lanesborough",SHIP CONSTRUCTION,Longford ,4,*N/A,,The scheme was Stage 2 approved in Q4 2016 full design/tender being prepared,,,,
"Church View, Lanesborough",SHIP CONSTRUCTION,Longford ,13,*N/A,The scheme was Stage 1 approved in Q2 2015 outline design and costs now being prepared,,,,,
Rath na Gloinne,CALF CONSTRUCTION,Louth,3,Cluid Housing Association,,,,,,Scheme completed in Q3 2016
Aston Village,CALF CONSTRUCTION,Louth,8,Respond!,,,,Approval of turnkey/construction project Q4 2016,,
"Clos na Manach, Carlingford",CALF CONSTRUCTION,Louth,10,The Housing Association,,,,Approval of turnkey/construction project Q4 2016,,
"2 Slieve Row Crescent, Dundalk",CALF CONSTRUCTION,Louth,1,Cluid Housing Association,,,,,,Scheme completed in Q2 2016
"Scarlett Street, Drogheda",CALF CONSTRUCTION,Louth,15,North & East Housing Association,,,,Approval of turnkey/construction project Q3 2016,,
"Castle Court, Castlebellingham",CALF CONSTRUCTION TURNKEY,Louth,14,Cluid Housing Association,,,,,Scheme started on site in Q2 2016,
"Liscorrie, Bog Lane, Drogheda",CALF CONSTRUCTION TURNKEY,Louth,41,The Housing Association,,,,,Scheme started on site in Q4 2016,
"Coulter Place, Dundalk",CALF CONSTRUCTION TURNKEY,Louth,22,Cluid Housing Association,,,,,Scheme started on site in Q2 2016,
"Rathmullen Road, Drogheda",CALF CONSTRUCTION TURNKEY,Louth,35,The Housing Association,,,,Approval of turnkey/construction project Q4 2016,,
"Rathmullen Road, Drogheda",CALF CONSTRUCTION TURNKEY,Louth,35,North & East Housing Association,,,,Approval of turnkey/construction project Q4 2016,,
Cox's Dimesne Phase 2a,REGENERATION,Louth,14,*N/A,,,,,,Scheme completed in Q4 2016
Cox's Dimesne Phase 2b,REGENERATION,Louth,7,*N/A,The scheme was Stage 1 approved in Q3 2013 outline design and costs now being prepared,,,,,
"Tierney Street, Ardee",CAS CONSTRUCTION,Louth ,7,Oaklee Housing Trust,The scheme was Stage 1 approved in Q2 2015 outline design and costs now being prepared,,,,,
"Barrack Street, Dundalk",CAS CONSTRUCTION,Louth ,10,Dundalk Simon Community,The scheme was Stage 1 approved in Q1 2016 outline design and costs now being prepared,,,,,
"Clontygora, Dundalk",CAS CONSTRUCTION,Louth ,11,Cluid Housing Association,The scheme was Stage 1 approved in Q1 2016 outline design and costs now being prepared,,,,,
"McArdle Green (Moneymore), Drogheda ",CAS CONSTRUCTION,Louth ,1,"North & East Housing 
Association",,,The scheme was Stage 3 approved in Q4 2016 scheme now being tendered,,,
"Tredagh View, Drogheda",CAS CONSTRUCTION,Louth ,1,Respond!  ,,,,,Scheme started on site in Q3 2016,
"Saltown, Dundalk",CAS CONSTRUCTION,Louth ,7,"North & East Housing 
Association",The scheme was Stage 1 approved in Q1 2016 outline design and costs now being prepared,,,,,
Boice Court (Phase 2),SHIP CONSTRUCTION,Louth ,23,*N/A,The scheme was Stage 1 approved in Q2 2015 outline design and costs now being prepared,,,,,
Boice Court (Phase 3),SHIP CONSTRUCTION,Louth ,20,*N/A,The scheme was Stage 1 approved in Q2 2015 outline design and costs now being prepared,,,,,
Father Finn Park (Phase 2),SHIP CONSTRUCTION,Louth ,20,*N/A,The scheme was Stage 1 approved in Q2 2015 outline design and costs now being prepared,,,,,
"Woodlands, Dunleer",SHIP CONSTRUCTION,Louth ,4,*N/A,,,,,,Scheme completed in Q3 2016
Dundalk derelict units,SHIP CONSTRUCTION,Louth ,17,*N/A,,,,,Scheme started on site in Q3 2016,
Dundalk derelict units,SHIP CONSTRUCTION,Louth ,7,*N/A,,,,,,Scheme completed in Q4 2016
Drogheda derelict units,SHIP CONSTRUCTION,Louth ,12,*N/A,,,,The scheme was approved in Q1 2016 - scheme is now fully approved,,
"55/57 Bothar Brugha, Drogheda",SHIP CONSTRUCTION,Louth ,3,*N/A,,,,The scheme was approved in Q3 2016 - scheme is now fully approved,,
 Ballina area,CALF CONSTRUCTION TURNKEY,Mayo,11,Cluid Housing Association,,,,Approval of turnkey/construction project Q4 2016,,
"Killosheehan, Ballinrobe",CAS CONSTRUCTION,Mayo,6,"Society of Saint Vincent 
de Paul",,The scheme was Stage 2 approved in Q3 2016 full design/tender being prepared,,,,
"Tubberhill, Westport (Phase 2)",SHIP CONSTRUCTION,Mayo ,21,*N/A,,,,,Scheme started on site in Q3 2016,
"Marian Crescent, Ballina",SHIP CONSTRUCTION,Mayo ,4,*N/A,,The scheme was Stage 2 approved in Q2 2016 full design/tender being prepared,,,,
"Knockmore, Ballina ",SHIP CONSTRUCTION,Mayo ,8,*N/A,,The scheme was Stage 2 approved in Q3 2016 full design/tender being prepared,,,,
"Kilkelly Road, Knock (Phase 3)",SHIP CONSTRUCTION,Mayo ,4,*N/A,,The scheme was Stage 2 approved in Q3 2016 full design/tender being prepared,,,,
Kilmeena (Phase 2) ,SHIP CONSTRUCTION,Mayo ,4,*N/A,,The scheme was Stage 2 approved in Q3 2016 full design/tender being prepared,,,,
"Barhauve, Rossport",SHIP CONSTRUCTION,Mayo ,1,*N/A,,,,,Scheme started on site in Q4 2016,
"Claggaun, Ballycroy",SHIP CONSTRUCTION,Mayo ,1,*N/A,,,,,Scheme started on site in Q4 2016,
"Glengad, Pollatomish",SHIP CONSTRUCTION,Mayo ,1,*N/A,,,,,Scheme started on site in Q4 2016,
"Gorthbrack, Inver",SHIP CONSTRUCTION,Mayo ,1,*N/A,,,,,Scheme started on site in Q4 2016,
SRDs,SHIP CONSTRUCTION,Mayo ,8,*N/A,The scheme was Stage 1 approved in Q3 2015 outline design and costs now being prepared,,,,,
"Knocknageeha, Newport",SHIP CONSTRUCTION,Mayo ,1,*N/A,,The scheme was Stage 2 approved in Q4 2016 full design/tender being prepared,,,,
"Admiral Browne Rd., Foxford",CAS CONSTRUCTION,Mayo  ,8,"Society of Saint Vincent 
de Paul",,,,,,Scheme completed in Q3 2016
"Irishtown, Foxford",CAS CONSTRUCTION,Mayo  ,4,"Society of Saint Vincent 
de Paul",,,The scheme was Stage 3 approved in Q3 2016 scheme now being tendered,,,
"Logmore, Belmullet",CAS CONSTRUCTION,Mayo  ,7,Irish Wheelchair Association,,,,,Scheme started on site in Q4 2015,
"Tubberclaire, Navan",CALF CONSTRUCTION TURNKEY,Meath,23,Cluid Housing Association,,,,,,Scheme completed in Q3 2016
"Grangehall, Dunshaughlin",CALF CONSTRUCTION TURNKEY,Meath,7,The Housing Association,,,,Approval of turnkey/construction project Q3 2016,,
" Ashbourne area, Co Meath",CALF CONSTRUCTION TURNKEY,Meath,67,Cluid Housing Association,,,,,Scheme started on site in Q4 2016,
Meath,CALF CONSTRUCTION TURNKEY,Meath,24,Oaklee Housing Trust,,,,Approval of turnkey/construction project Q4 2016,,
Bettystown (Phase 1),SHIP CONSTRUCTION,Meath,16,*N/A,,,,,Scheme started on site in Q2 2016,
Bettystown (Phase 2),SHIP CONSTRUCTION,Meath,12,*N/A,The scheme was Stage 1 approved in Q4 2016 outline design and costs now being prepared,,,,,
"Cherry Court, Summerhill",SHIP CONSTRUCTION,Meath,19,*N/A,,The scheme was Stage 2 approved in Q3 2016 full design/tender being prepared,,,,
" Riverside, Kells ",SHIP CONSTRUCTION,Meath,40,*N/A,The scheme was Stage 1 approved in Q2 2015 outline design and costs now being prepared,,,,,
"Connaught Grove, Athboy",SHIP CONSTRUCTION,Meath,32,*N/A,,,The scheme was Stage 3 approved in Q3 2016 scheme now being tendered,,,
Ratoath,SHIP CONSTRUCTION,Meath,17,*N/A,The scheme was Stage 1 approved in Q2 2016 outline design and costs now being prepared,,,,,
"Mill Lane, Flower Hill, Navan, Co Meath",CALF CONSTRUCTION TURNKEY,Meath ,20,Oaklee Housing Trust,,,,,,Scheme completed in Q1 2016
"Liseggerton Road, Clones",CALF CONSTRUCTION,Monaghan,6,Oaklee Housing Trust,,,,Approval of turnkey/construction project Q4 2014,,
"Magheross, Carrickmacross",CALF CONSTRUCTION TURNKEY,Monaghan,33,The Housing Association,,,,Approval of turnkey/construction project Q2 2016,,
"Convent Lands, Carrickmacross",CAS CONSTRUCTION,Monaghan,7,Respond!  ,,,,,Scheme started on site in Q1 2016,
"Liseggerton, Clones",CAS CONSTRUCTION,Monaghan,16,Oaklee Housing Trust,The scheme was Stage 1 approved in Q3 2016 outline design and costs now being prepared,,,,,
"Latlorcan, Monaghan Town",SHIP CONSTRUCTION,Monaghan,20,*N/A,The scheme was Stage 1 approved in Q2 2015 - Scheme delayed by legal challenge,,,,,
"Bree, Castleblayney",SHIP CONSTRUCTION,Monaghan ,8,*N/A,,The scheme was Stage 2 approved in Q3 2016 full design/tender being prepared,,,,
"The Meadows, Smithborough, Monaghan",SHIP CONSTRUCTION TURNKEY,Monaghan ,5,*N/A,,,,,Scheme started on site in Q2 2016,
"Drumbear Wood, Monaghan Town",SHIP CONSTRUCTION TURNKEY,Monaghan ,12,*N/A,,,,,Scheme started on site in Q4 2016,
"Knockroe Glen, Monaghan Town",SHIP CONSTRUCTION TURNKEY,Monaghan ,22,*N/A,,,,,Scheme started on site in Q4 2016,
"Railway View, Kilnacloy, Monaghan Town",SHIP CONSTRUCTION TURNKEY,Monaghan ,16,*N/A,,,,Approval of turnkey/construction project Q3 2016,,
"Scurragh, Birr",CAS CONSTRUCTION,Offaly,6,Cluid Housing Association,,The scheme was Stage 2 approved in Q4 2016 full design/tender being prepared,,,,
"Killane Drive, Edenderry",CAS CONSTRUCTION,Offaly,2,The Housing Association,,The scheme was Stage 2 approved in Q4 2016 full design/tender being prepared,,,,
"Blundell Wood, Edenderry",SHIP CONSTRUCTION,Offaly,33,*N/A,,The scheme was Stage 2 approved in Q3 2016 full design/tender being prepared,,,,
"Chancery Lane, Tullamore",SHIP CONSTRUCTION,Offaly,18,*N/A,The scheme was Stage 1 approved in Q1 2016 outline design and costs now being prepared,,,,,
Athlone,CALF CONSTRUCTION TURNKEY,Roscommon,14,Cluid Housing Association,,,,Approval of turnkey/construction project Q1 2016,,
Additional units Athlone area,CALF CONSTRUCTION TURNKEY,Roscommon,40,Cluid Housing Association,,,,Approval of turnkey/construction project Q4 2016,,
"Monksland, Athlone",SHIP CONSTRUCTION TURNKEY,Roscommon ,10,*N/A,,,,Approval of turnkey/construction project Q3 2016,,
"""Shermac"" Tonaphubble",CAS CONSTRUCTION,Sligo,6,Newgrove Housing Association Ltd,The scheme was Stage 1 approved in Q3 2016 outline design and costs now being prepared,,,,,
Fr Flanagan Tce.,SHIP CONSTRUCTION,Sligo,22,*N/A,,,,The scheme was Stage 4 approved in Q2 2016 scheme is now fully approved,,
"Carrowbunnaun, Strandhill",SHIP CONSTRUCTION,Sligo,20,*N/A,The scheme was Stage 1 approved in Q2 2015 outline design and costs now being prepared,,,,,
"Caltragh, Culleens",SHIP CONSTRUCTION,Sligo,1,*N/A,,The scheme was Stage 2 approved in Q2 2016 full design/tender being prepared,,,,
Knappagh Road,SHIP CONSTRUCTION,Sligo,28,*N/A,,The scheme was Stage 2 approved in Q3 2016 full design/tender being prepared,,,,
Colloney,SHIP CONSTRUCTION,Sligo,13,*N/A,The scheme was Stage 1 approved in Q4 2016 outline design and costs now being prepared,,,,,
Rosses Point ,SHIP CONSTRUCTION,Sligo ,14,*N/A,The scheme was Stage 1 approved in Q3 2016 outline design and costs now being prepared,,,,,
"Station Road, Clondalkin, Co. Dublin",CALF CONSTRUCTION TURNKEY,South Dublin,5,Respond!,,,,,Scheme started on site in Q2 2016,
"1 Hollyville Terrace, Palmerston",CAS CONSTRUCTION,South Dublin,2,Cluid Housing Association,The scheme was Stage 1 approved in Q3 2015 outline design and costs now being prepared,,,,,
"Old Nangor Road, Clondalkin",CAS CONSTRUCTION,South Dublin,10,"Dublin Simon 
Community",,The scheme was Stage 2 approved in Q4 2016 full design/tender being prepared,,,,
"Collinstown Grove, Clondalkin",CAS CONSTRUCTION,South Dublin,4,The Housing Association,The scheme was Stage 1 approved in Q3 2015 outline design and costs now being prepared,,,,,
"Suncroft, Tallaght",SHIP CONSTRUCTION,South Dublin,10,*N/A,,,,,,Scheme completed in Q4 2016
"Belgard Road, Tallagh",SHIP CONSTRUCTION,South Dublin,3,*N/A,,,,,,Scheme completed in Q1 2016
St Finians,SHIP CONSTRUCTION,South Dublin,2,*N/A,,,,,,Scheme completed in Q3 2016
"St Marks Green, Clondalkin",SHIP CONSTRUCTION,South Dublin,11,*N/A,,,,The scheme was Stage 4 approved in Q4 2016 scheme is now fully approved,,
Fortunestown (MacUilliam),SHIP CONSTRUCTION,South Dublin,28,*N/A,,,The scheme was Stage 3 approved in Q3 2016 scheme now being tendered,,,
Mayfield Estate,SHIP CONSTRUCTION,South Dublin,18,*N/A,,,,The scheme was Stage 4 approved in Q4 2016 scheme is now fully approved,,
"Dromcarra, Tallaght",SHIP CONSTRUCTION,South Dublin,14,*N/A,,,The scheme was Stage 3 approved in Q4 2016 scheme now being tendered,,,
"Letts Field, Neilstown, Clondalkin",SHIP CONSTRUCTION,South Dublin,37,*N/A,,,The scheme was Stage 3 approved in Q4 2016 scheme now being tendered,,,
"Ballyboden,  Rathfarnham",SHIP CONSTRUCTION,South Dublin,40,*N/A,,The scheme was Stage 2 approved in Q1 2016 full design/tender being prepared,,,,
Balgaddy F,SHIP CONSTRUCTION,South Dublin,50,*N/A,The scheme was Stage 1 approved in Q2 2015 outline design and costs now being prepared,,,,,
"St. Marks Avenue, Clondalkin ",SHIP CONSTRUCTION,South Dublin,39,*N/A,The scheme was Stage 1 approved in Q2 2015 outline design and costs now being prepared,,,,,
"Killinarden, Tallaght",SHIP CONSTRUCTION,South Dublin,28,*N/A,,,The scheme was Stage 3 approved in Q4 2016 scheme now being tendered,,,
"St Aidan's,  Brookfield Tallaght",SHIP CONSTRUCTION RAPID,South Dublin,85,*N/A,,The scheme was Stage 2 approved in Q4 2016 design/tender being prepared,,,,
Fethard,CAS CONSTRUCTION,Tipperary,4,Brothers of Charity/Belmount Park Housing Association Ltd. ,The scheme was Stage 1 approved in Q3 2015 outline design and costs now being prepared,,,,,
"Glenconnor Road, Clonmel",CAS CONSTRUCTION,Tipperary,9,Cluid Housing Association,The scheme was Stage 1 approved in Q3 2015 outline design and costs now being prepared,,,,,
"Ballinagrana (3), The Strand (3) & Castle Street, Carrick on Suir",CAS CONSTRUCTION,Tipperary,7,Camphill Communities of Ireland,The scheme was Stage 1 approved in Q3 2015 outline design and costs now being prepared,,,,,
"Two houses, Borrisoleigh",SHIP CONSTRUCTION,Tipperary,2,*N/A,,,,,,Scheme completed in Q4 2016
"Lacey Avenue, Templemore",SHIP CONSTRUCTION,Tipperary,4,*N/A,,,,,,Scheme completed in Q4 2016
"Mitchels St., Thurles",SHIP CONSTRUCTION,Tipperary,1,*N/A,The scheme was Stage 1 approved in Q2 2015 outline design and costs now being prepared,,,,,
"Gortataggart, Thurles",SHIP CONSTRUCTION,Tipperary,2,*N/A,,,,,Scheme started on site in Q4 2016,
"Kilcooly Way, Gortnahoe",SHIP CONSTRUCTION,Tipperary,5,*N/A,The scheme was Stage 1 approved in Q2 2015 outline design and costs now being prepared,,,,,
Cloughjordan,SHIP CONSTRUCTION,Tipperary,3,*N/A,The scheme was Stage 1 approved in Q2 2015 outline design and costs now being prepared,,,,,
"Waller's Lot, Cashel",SHIP CONSTRUCTION,Tipperary,10,*N/A,The scheme was Stage 1 approved in Q2 2015 outline design and costs now being prepared,,,,,
"Glenconnor Road, Clonmel",SHIP CONSTRUCTION,Tipperary,20,*N/A,The scheme was Stage 1 approved in Q2 2015 outline design and costs now being prepared,,,,,
Borrisoleigh,SHIP CONSTRUCTION,Tipperary,12,*N/A,The scheme was Stage 1 approved in Q1 2016 outline design and costs now being prepared,,,,,
Templetouhy,SHIP CONSTRUCTION,Tipperary,6,*N/A,The scheme was Stage 1 approved in Q1 2016 outline design and costs now being prepared,,,,,
Lower Ballingarry,SHIP CONSTRUCTION,Tipperary,1,*N/A,,,,,,Scheme completed in Q2 2016
"Poulamaleen, Faugheen",SHIP CONSTRUCTION,Tipperary,1,*N/A,,,,,,Scheme completed in Q2 2016
"Glencarrick, Roscrea",SHIP CONSTRUCTION,Tipperary,10,*N/A,The scheme was Stage 1 approved in Q2 2015 outline design and costs now being prepared,,,,,
"St Johns College, Waterford",CALF CONSTRUCTION,Waterford,36,Respond!,,,,,,Scheme completed in Q1 2016
"Estuary Heights, Shandon Road, Dungarvan",CALF CONSTRUCTION TURNKEY,Waterford,20,Co-operative Ireland,,,,Approval of turnkey/construction project Q3 2016,,
"The Paddocks, Williamstown Rd. Waterford",CAS CONSTRUCTION,Waterford,6,Anvers Housing Association,,The scheme was Stage 2 approved in Q4 2015 full design/tender being prepared,,,,
"Ballycarnane, Tramore",CAS CONSTRUCTION,Waterford,18,Tramore Voluntary Housing association,The scheme was Stage 1 approved in Q3 2014 outline design and costs now being prepared,,,,,
"Gleann Ealach, Dunhill",CAS CONSTRUCTION,Waterford,8,Gleann Ealach Housing Assoc,The scheme was Stage 1 approved in Q3 2015 outline design and costs now being prepared,,,,,
"Wadding Manor, Ferrybank",CAS CONSTRUCTION,Waterford,10,Respond!  ,,The scheme was Stage 2 approved in Q2 2016 full design/tender being prepared,,,,
"Powersfield, Hennessys Road, Waterford",CAS CONSTRUCTION,Waterford,3,Focus Ireland,,The scheme was Stage 2 approved in Q2 2016 full design/tender being prepared,,,,
"Clarendon Court, Waterford City",CAS CONSTRUCTION,Waterford,10,Cluid Housing Association,The scheme was Stage 1 approved in Q2 2015 outline design and costs now being prepared,,,,,
"Old Cinema Site, Dungarvan",SHIP CONSTRUCTION,Waterford,15,*N/A,,,,,,Scheme completed in Q4 2016
"Ardmore Park/Priory Lawn, Waterford City",SHIP CONSTRUCTION,Waterford,8,*N/A,,The scheme was Stage 2 approved in Q4 2015 full design/tender being prepared,,,,
"Larchville, Waterford City",SHIP CONSTRUCTION,Waterford,5,*N/A,,The scheme was Stage 2 approved in Q2 2016 full design/tender being prepared,,,,
"Patrick Street, Tramore",SHIP CONSTRUCTION,Waterford,2,*N/A,,,,,Scheme started on site in Q4 2016,
"Barrack Street, Cappoquin",SHIP CONSTRUCTION,Waterford,4,*N/A,,,,,Scheme started on site in Q4 2016,
"Coolfin Woods, Portlaw",SHIP CONSTRUCTION,Waterford,12,*N/A,,The scheme was Stage 2 approved in Q2 2016 full design/tender being prepared,,,,
"Ballinroad, Dungarvan",SHIP CONSTRUCTION,Waterford,20,*N/A,,The scheme was Stage 2 approved in Q4 2016 full design/tender being prepared,,,,
"Alms Houses, Tallow",SHIP CONSTRUCTION,Waterford,4,*N/A,,,The scheme was Stage 3 approved in Q4 2016 scheme now being tendered,,,
"An Garran, Tramore",SHIP CONSTRUCTION,Waterford,32,*N/A,The scheme was Stage 1 approved in Q1 2016 outline design and costs now being prepared,,,,,
"Doyle Street, Waterford City",SHIP CONSTRUCTION,Waterford,4,*N/A,The scheme was Stage 1 approved in Q1 2014 outline design and costs now being prepared,,,,,
"Springfield, Mullingar",CAS CONSTRUCTION,Westmeath,12,The Housing Association,The scheme was Stage 1 approved in Q1 2014 outline design and costs now being prepared,,,,,
"Canal Avenue, Mullingar ",CAS CONSTRUCTION,Westmeath,9,The Housing Association,The scheme was Stage 1 approved in Q3 2015 outline design and costs now being prepared,,,,,
"St. Anne's Chapel Street, Athlone",CAS CONSTRUCTION,Westmeath,4,Respond!  ,The scheme was Stage 1 approved in Q3 2015 outline design and costs now being prepared,,,,,
"Farran, Mullingar  ",CAS CONSTRUCTION,Westmeath,3,The Housing Association,The scheme was Stage 1 approved in Q1 2016 outline design and costs now being prepared,,,,,
Ennell court (Phase 2),SHIP CONSTRUCTION,Westmeath,3,*N/A,,,,,,Scheme completed in Q2 2016
16 Ennell Court,SHIP CONSTRUCTION,Westmeath,1,*N/A,,,The scheme was Stage 3 approved in Q4 2016 scheme now being tendered,,,
"Grange Crescent, Mullingar",SHIP CONSTRUCTION,Westmeath,2,*N/A,,,,,,Scheme completed in Q1 2016
"Clonbrusk, Athlone (Arcadia)  Site No. 2",SHIP CONSTRUCTION,Westmeath,33,*N/A,,The scheme was Stage 2 approved in Q4 2016 full design/tender being prepared,,,,
"St. Laurence's Terrace, Mullingar",SHIP CONSTRUCTION,Westmeath,9,*N/A,,The scheme was Stage 2 approved in Q2 2016 full design/tender being prepared,,,,
"Bun Daire, Kinnegad (Phase 3)",SHIP CONSTRUCTION,Westmeath,28,*N/A,The scheme was Stage 1 approved in Q1 2016 outline design and costs now being prepared,,,,,
 Wexford town,CALF CONSTRUCTION,Wexford,39,Cluid Housing Association,,,,Approval of turnkey/construction project Q4 2016,,
"10 Hunters Green, Gorey",CALF CONSTRUCTION TURNKEY,Wexford,18,Co-operative Ireland,,,,,,Scheme completed in Q2 2016
"Hunters Green, Gorey",CALF CONSTRUCTION TURNKEY,Wexford,20,Co-operative Ireland,,,,,Scheme started on site in Q1 2015,
Wexford,CALF CONSTRUCTION TURNKEY,Wexford,28,Oaklee Housing Trust,,,,Approval of turnkey/construction project Q4 2016,,
Enniscorthy,CALF CONSTRUCTION TURNKEY,Wexford,40,Oaklee Housing Trust,,,,Approval of turnkey/construction project Q4 2016,,
Rathangan,CAS CONSTRUCTION,Wexford,7,Rathangan Senior Citizens Housing Association,,,,,Scheme started on site in Q1 2016,
"Westlands, Wexford",CAS CONSTRUCTION,Wexford,7,Respond!  ,The scheme was Stage 1 approved in Q3 2014 outline design and costs now being prepared,,,,,
Barrystown,CAS CONSTRUCTION,Wexford,16,Grantstown Voluntary Housing Association,The scheme was Stage 1 approved in Q3 2015 outline design and costs now being prepared,,,,,
"Shanna Court, Coolcotts ",SHIP CONSTRUCTION,Wexford,8,*N/A,,,,,,Scheme completed in Q1 2016
"Baile an Tr , Riverchapel (Courtown Ardamine)",SHIP CONSTRUCTION,Wexford,10,*N/A,,,,,,Scheme completed in Q2 2016
"Francis Street, Wexford ",SHIP CONSTRUCTION,Wexford,1,*N/A,,,,,Scheme started on site in Q3 2016,
"Baile Eoghain, Gorey",SHIP CONSTRUCTION,Wexford,9,*N/A,The scheme was Stage 1 approved in Q2 2015 outline design and costs now being prepared,,,,,
"Killeens, Wexford",SHIP CONSTRUCTION,Wexford,14,*N/A,The scheme was Stage 1 approved in Q3 2016 outline design and costs now being prepared,,,,,
"Cherryorchard, Enniscorthy",SHIP CONSTRUCTION,Wexford,8,*N/A,The scheme was Stage 1 approved in Q1 2016 outline design and costs now being prepared,,,,,
Oylegate,SHIP CONSTRUCTION,Wexford,2,*N/A,,The scheme was Stage 2 approved in Q4 2016 full design/tender being prepared,,,,
"Ross Road, Enniscorthy",SHIP CONSTRUCTION,Wexford,1,*N/A,,The scheme was Stage 2 approved in Q1 2016 full design/tender being prepared,,,,
"Clonard, Wexford",SHIP CONSTRUCTION,Wexford,26,*N/A,The scheme was Stage 1 approved in Q1 2016 outline design and costs now being prepared,,,,,
"Whiterock Hill, Wexford",SHIP CONSTRUCTION,Wexford,36,*N/A,The scheme was Stage 1 approved in Q2 2016 outline design and costs now being prepared,,,,,
Danescastle,SHIP CONSTRUCTION,Wexford,12,*N/A,The scheme was Stage 1 approved in Q4 2016 outline design and costs now being prepared,,,,,
"Creagh, Gorey",SHIP CONSTRUCTION,Wexford,10,*N/A,The scheme was Stage 1 approved in Q4 2016 outline design and costs now being prepared,,,,,
5 Mountain View,SHIP CONSTRUCTION,Wexford,1,*N/A,The scheme was Stage 1 approved in Q4 2016 outline design and costs now being prepared,,,,,
41 St Martins Park,SHIP CONSTRUCTION,Wexford,1,*N/A,The scheme was Stage 1 approved in Q4 2016 outline design and costs now being prepared,,,,,
"Slippery Green, Wexford",SHIP CONSTRUCTION,Wexford,10,*N/A,The scheme was Stage 1 approved in Q4 2016 outline design and costs now being prepared,,,,,
Meadowfields (Pt.V),CALF CONSTRUCTION,Wexford,12,*N/A,,,,,,Scheme completed in Q2 2016
Cois Mara,SHIP CONSTRUCTION,Wexford ,2,*N/A,The scheme was Stage 1 approved in Q3 2016 outline design and costs now being prepared,,,,,
"Madeira Oaks, Wexford",SHIP CONSTRUCTION TURNKEY,Wexford ,8,*N/A,,,,,Scheme started on site in Q1 2016,
"Vale Road, Arklow, Co. Wicklow",CALF CONSTRUCTION TURNKEY,Wicklow,36,Co-operative Ireland,,,,Approval of turnkey/construction project Q4 2016,,
"Brewery Bends, Rathdrum (Phase 2)",SHIP CONSTRUCTION,Wicklow,20,*N/A,,The scheme was Stage 2 approved in Q4 2016 full design/tender being prepared,,,,
"Kilbride Lane, Bray (Murphy's Lands)",SHIP CONSTRUCTION,Wicklow,42,*N/A,The scheme was Stage 1 approved in Q2 2015 outline design and costs now being prepared,,,,,
"Farrankelly, Greystones (Phase 2)",SHIP CONSTRUCTION,Wicklow ,15,*N/A,The scheme was Stage 1 approved in Q3 2016 outline design and costs now being prepared,,,,,
"O'Byrne Road, Bray",SHIP CONSTRUCTION,Wicklow ,1,*N/A,,The scheme was Stage 2 approved in Q3 2016 full design/tender being prepared,,,,
"Emoclew Road, Arklow (Phase 1)",SHIP CONSTRUCTION,Wicklow ,17,*N/A,,The scheme was Stage 2 approved in Q4 2016 full design/tender being prepared,,,,
"Emoclew Road, Arklow (Phase 2)",SHIP CONSTRUCTION,Wicklow ,20,*N/A,The scheme was Stage 1 approved in Q3 2016 outline design and costs now being prepared,,,,,
"Sugarloaf View, Kilmacanogue",SHIP CONSTRUCTION,Wicklow ,20,*N/A,The scheme was Stage 1 approved in Q3 2016 outline design and costs now being prepared,,,,,
"FCA Hall, Wicklow Town",SHIP CONSTRUCTION,Wicklow ,8,*N/A,,The scheme was Stage 2 approved in Q4 2016 full design/tender being prepared,,,,
"Kilmantain Place, Bray",SHIP CONSTRUCTION,Wicklow ,4,*N/A,,The scheme was Stage 2 approved in Q4 2016 full design/tender being prepared,,,,
"Ard Na Mara, Kilcoole",SHIP CONSTRUCTION,Wicklow ,2,*N/A,,The scheme was Stage 2 approved in Q4 2016 full design/tender being prepared,,,,
"Druids Brook, Kilcoole",SHIP CONSTRUCTION,Wicklow ,2,*N/A,,The scheme was Stage 2 approved in Q4 2016 full design/tender being prepared,,,,
"Old Library, Arklow",SHIP CONSTRUCTION,Wicklow ,7,*N/A,,The scheme was Stage 2 approved in Q4 2016 full design/tender being prepared,,,,
