Lista,Turno,Provincia,Comune,Cod ISTAT,TORNATA,VOTI,Cognome Candidato Sindaco collegato,Nome Candidato Sindaco collegato
INSIEME PAR DAMAR,Primo Turno,Udine,Amaro,30002,Comunali del 25/05/2014,370,ZANELLA,LAURA
NUOVA AMPEZZO,Primo Turno,Udine,Ampezzo,30003,Comunali del 25/05/2014,333,BENEDETTI,MICHELE
CUORE E COMUNITA',Primo Turno,Udine,Ampezzo,30003,Comunali del 25/05/2014,245,TROIERO,FABIO
AQUILEIA PER TUTTI,Primo Turno,Udine,Aquileia,30004,Comunali del 25/05/2014,909,SPANGHERO,GABRIELE
AQUILEIA 2.0,Primo Turno,Udine,Aquileia,30004,Comunali del 25/05/2014,848,ZERBIN,FRANCESCO
Artegna e oltre,Primo Turno,Udine,Artegna,30006,Comunali del 25/05/2014,221,MARANGONI,ALESSANDRO
PRIMA ARTEGNA!,Primo Turno,Udine,Artegna,30006,Comunali del 25/05/2014,106,MARANGONI,ALESSANDRO
ARTIGNE IN COMÙN,Primo Turno,Udine,Artegna,30006,Comunali del 25/05/2014,377,MARANGONI,ALESSANDRO
PER ARTEGNA Con il Cuore e la Mente,Primo Turno,Udine,Artegna,30006,Comunali del 25/05/2014,895,DAICI,ALDO
UNA NUOVA ATTIMIS,Primo Turno,Udine,Attimis,30007,Comunali del 25/05/2014,36,BAGIANTE,ELOISA
PER ATTIMIS CON SANDRO ROCCO,Primo Turno,Udine,Attimis,30007,Comunali del 25/05/2014,286,ROCCO,SANDRO
ATTIMIS INSIEME CON SANDRO ROCCO,Primo Turno,Udine,Attimis,30007,Comunali del 25/05/2014,409,ROCCO,SANDRO
RITROVARE ATTIMIS,Primo Turno,Udine,Attimis,30007,Comunali del 25/05/2014,203,DEGANO,ENZO
LIBERTA' E SVILUPPO PER ATTIMIS,Primo Turno,Udine,Attimis,30007,Comunali del 25/05/2014,81,RONCHI,DINO
BENE COMUNE,Primo Turno,Udine,Basiliano,30009,Comunali del 25/05/2014,296,DEL NEGRO,MARCO
PROGETTO BASILIANO,Primo Turno,Udine,Basiliano,30009,Comunali del 25/05/2014,873,DEL NEGRO,MARCO
LISTE CIVICHE BASILIAN,Primo Turno,Udine,Basiliano,30009,Comunali del 25/05/2014,180,DEL NEGRO,MARCO
IMPEGNO COMUNE PER BASILIANO,Primo Turno,Udine,Basiliano,30009,Comunali del 25/05/2014,1466,MICELLI,ROBERTO
TRADIZIONI E FUTURO - LISTA CIVICA,Primo Turno,Udine,Bicinicco,30011,Comunali del 25/05/2014,362,CIOTTI,DAVID
INSIEME PER UNIRE,Primo Turno,Udine,Bicinicco,30011,Comunali del 25/05/2014,719,BOSSI,GIOVANNI BATTISTA
LEGA NORD,Primo Turno,Udine,Buttrio,30014,Comunali del 25/05/2014,288,VISINTIN,ARMANDO
BURInnova,Primo Turno,Udine,Buttrio,30014,Comunali del 25/05/2014,782,SINCEROTTO,GIORGIO
INTESA PER BUTTRIO,Primo Turno,Udine,Buttrio,30014,Comunali del 25/05/2014,692,SINCEROTTO,GIORGIO
PROGETTO COMUNE - ARMONIA NEL TERRITORIO,Primo Turno,Udine,Camino al Tagliamento,30015,Comunali del 25/05/2014,362,LIANI,CORRADO
IL PATTO PER LA NOSTRA TERRA,Primo Turno,Udine,Camino al Tagliamento,30015,Comunali del 25/05/2014,726,LOCATELLI,NICOLA
PROGETTO COMUNE - CAMPOFORMIDO,Primo Turno,Udine,Campoformido,30016,Comunali del 25/05/2014,604,BERTOLINI,MONICA
LISTA CIVICA COMUNITA',Primo Turno,Udine,Campoformido,30016,Comunali del 25/05/2014,365,BERTOLINI,MONICA
UNITI PER IL COMUNE CAMPOFORMIDO,Primo Turno,Udine,Campoformido,30016,Comunali del 25/05/2014,814,BERTOLINI,MONICA
BRESSA per il Comune,Primo Turno,Udine,Campoformido,30016,Comunali del 25/05/2014,83,BACCHETTI,ANDREA
LEGA NORD,Primo Turno,Udine,Campoformido,30016,Comunali del 25/05/2014,508,BACCHETTI,ANDREA
LISTA CIVICA RINNOVIAMO CAMPOFORMIDO,Primo Turno,Udine,Campoformido,30016,Comunali del 25/05/2014,435,BACCHETTI,ANDREA
FORZA CAMPOFORMIDO,Primo Turno,Udine,Campoformido,30016,Comunali del 25/05/2014,398,BACCHETTI,ANDREA
LISTE CIVICHE  FURLANE - CJAMPFUARMIT,Primo Turno,Udine,Campoformido,30016,Comunali del 25/05/2014,247,BACCHETTI,ANDREA
ASSIEME PER IL DOMANI,Primo Turno,Udine,Carlino,30018,Comunali del 25/05/2014,365,PAOLINI,NICOLA
CARLINO NEL CUORE,Primo Turno,Udine,Carlino,30018,Comunali del 25/05/2014,291,PAOLINI,NICOLA
IDENTITA' E SVILUPPO,Primo Turno,Udine,Carlino,30018,Comunali del 25/05/2014,283,NAVARRIA,DIEGO
AMARE CARLINO,Primo Turno,Udine,Carlino,30018,Comunali del 25/05/2014,327,NAVARRIA,DIEGO
CASSACCO MOVIMENTO 5 STELLE,Primo Turno,Udine,Cassacco,30019,Comunali del 25/05/2014,523,GAMBERINI,GILBERTO
INSIEME PER CASSACCO,Primo Turno,Udine,Cassacco,30019,Comunali del 25/05/2014,942,BAIUTTI,ORNELLA
COLTIVIAMO IL FUTURO Castions e Morsano,Primo Turno,Udine,Castions di Strada,30020,Comunali del 25/05/2014,847,GORZA,ROBERTO
SI PUO' FARE,Primo Turno,Udine,Castions di Strada,30020,Comunali del 25/05/2014,487,COZZI,GIUSEPPE
TRADIZIONE e FUTURO,Primo Turno,Udine,Castions di Strada,30020,Comunali del 25/05/2014,365,TOMASIN,LUCA
IL CORAGGIO DI CAMBIARE INSIEME,Primo Turno,Udine,Cavazzo Carnico,30021,Comunali del 25/05/2014,146,LENISA,RITA
ESPERIENZA E FUTURO,Primo Turno,Udine,Cavazzo Carnico,30021,Comunali del 25/05/2014,277,BORGHI,GIANNI
PER I CITTADINI E PER IL TERRITORIO - LISTA CIVICA - CAVAZZO CARNICO,Primo Turno,Udine,Cavazzo Carnico,30021,Comunali del 25/05/2014,178,PUPPINI,DANILO
NOI CON VOI IMPEGNO COMUNE,Primo Turno,Udine,Cercivento,30022,Comunali del 25/05/2014,350,BOSCHETTI,LUCA
PER CHIOPRIS VISCONE,Primo Turno,Udine,Chiopris Viscone,30024,Comunali del 25/05/2014,220,PERUSIN,RAFFAELLA
IMPEGNO E ONESTA' PER CHIOPRIS - VISCONE,Primo Turno,Udine,Chiopris Viscone,30024,Comunali del 25/05/2014,146,PIAN,ALESSANDRO
SOT IL TEI,Primo Turno,Udine,Chiusaforte,30025,Comunali del 25/05/2014,97,PAOLINI,FABIO
PROGETTO GIOVANI SCLUSE,Primo Turno,Udine,Chiusaforte,30025,Comunali del 25/05/2014,45,DE SPIRITO,SIMONA ERSILIA
IMPEGNO COMUNE,Primo Turno,Udine,Chiusaforte,30025,Comunali del 25/05/2014,233,FUCCARO,FABRIZIO
COLLOREDO INSIEME,Primo Turno,Udine,Colloredo di Monte Albano,30028,Comunali del 25/05/2014,426,MORETTI,CLAUDIO
CON LA GENTE PER COLLOREDO,Primo Turno,Udine,Colloredo di Monte Albano,30028,Comunali del 25/05/2014,798,OVAN,LUCA
CON LO STESSO STILE - DANIELE MOSCHIONI - SINDACO,Primo Turno,Udine,Corno di Rosazzo,30030,Comunali del 25/05/2014,1078,MOSCHIONI,DANIELE
CORNO DEMOCRATICA,Primo Turno,Udine,Corno di Rosazzo,30030,Comunali del 25/05/2014,587,BERNARDIS,MARILISA
VERSO IL FUTURO,Primo Turno,Udine,Coseano,30031,Comunali del 25/05/2014,681,DEL NEGRO,VALERIO
INSIEME PER COSEANO,Primo Turno,Udine,Coseano,30031,Comunali del 25/05/2014,435,GIOVANATTO,PAOLO
INSIEME PER LA GENTE,Primo Turno,Udine,Dignano,30032,Comunali del 25/05/2014,947,ZUCCOLO,RICCARDO
PER ENEMONZO,Primo Turno,Udine,Enemonzo,30035,Comunali del 25/05/2014,531,MENEGON,FRANCO
UNIONE CONFEDERALE REGIONALE,Primo Turno,Udine,Fagagna,30037,Comunali del 25/05/2014,230,PERES,BRUNO
PROPOSTA NUOVA FAGAGNA,Primo Turno,Udine,Fagagna,30037,Comunali del 25/05/2014,120,PERES,BRUNO
PROPOSTA PER FAGAGNA,Primo Turno,Udine,Fagagna,30037,Comunali del 25/05/2014,639,D'ORLANDI,GIANLUIGI
FAGAGNA VOLIAMO INSIEME,Primo Turno,Udine,Fagagna,30037,Comunali del 25/05/2014,609,BRUNO,NINO
IN MOVIMENTO PER FAGAGNA,Primo Turno,Udine,Fagagna,30037,Comunali del 25/05/2014,160,LIZZI,MARCO
INSIEME PER FAGAGNA,Primo Turno,Udine,Fagagna,30037,Comunali del 25/05/2014,1282,CHIARVESIO,DANIELE
FIUMICELLO in movimento,Primo Turno,Udine,Fiumicello,30038,Comunali del 25/05/2014,224,DEIURI,ANDREA
FIUMICELLO NEL CUORE,Primo Turno,Udine,Fiumicello,30038,Comunali del 25/05/2014,1521,SCRIDEL,ENNIO
SINISTRA PER FIUMICELLO,Primo Turno,Udine,Fiumicello,30038,Comunali del 25/05/2014,415,SCRIDEL,ENNIO
PARTITO LIBERALE ITALIANO,Primo Turno,Udine,Fiumicello,30038,Comunali del 25/05/2014,159,FACCHETTIN,MAURIZIO
PROGETTO FLAIBANO,Primo Turno,Udine,Flaibano,30039,Comunali del 25/05/2014,526,PICCO,LUCA
PER VIVERE QUI,Primo Turno,Udine,Forni Avoltri,30040,Comunali del 25/05/2014,224,VIDALE,CLARA
VIVERE IL PAESE,Primo Turno,Udine,Forni Avoltri,30040,Comunali del 25/05/2014,202,DEL FABBRO,FABIO
PAR FOR DI SÔRA,Primo Turno,Udine,Forni di Sopra,30041,Comunali del 25/05/2014,221,COLOMBO,FABIO
VIVERE di FORNI,Primo Turno,Udine,Forni di Sopra,30041,Comunali del 25/05/2014,185,DA RIN - CHIANTRE,DONATELLA
NUOVA IDENTITA' CIVICA FORNI DI SOPRA,Primo Turno,Udine,Forni di Sopra,30041,Comunali del 25/05/2014,251,ANZIUTTI,LINO
Insieme per il futuro par for,Primo Turno,Udine,Forni di Sotto,30042,Comunali del 25/05/2014,155,NASSIVERA,LUCA
Animaforni,Primo Turno,Udine,Forni di Sotto,30042,Comunali del 25/05/2014,44,NASSIVERA,LUCA
Forni di Sotto insieme si può,Primo Turno,Udine,Forni di Sotto,30042,Comunali del 25/05/2014,60,LENNA,MARCO
Forni di Sotto in movimento,Primo Turno,Udine,Forni di Sotto,30042,Comunali del 25/05/2014,143,LENNA,MARCO
MOVIMENTO 5 STELLE,Primo Turno,Udine,Gemona del Friuli,30043,Comunali del 25/05/2014,357,CARGNELLO,MARCO
URBANI SINDACO PER GEMONA,Primo Turno,Udine,Gemona del Friuli,30043,Comunali del 25/05/2014,2644,URBANI,PAOLO
GEMONA NEL CUORE,Primo Turno,Udine,Gemona del Friuli,30043,Comunali del 25/05/2014,1516,URBANI,PAOLO
SCELGO GEMONA,Primo Turno,Udine,Gemona del Friuli,30043,Comunali del 25/05/2014,917,DELLA MARINA,GIANPAOLO
TERRA DOMANI GEMONA DEL FRIULI,Primo Turno,Udine,Gemona del Friuli,30043,Comunali del 25/05/2014,63,CARGNELUTTI,DINO
CAMBIARE CON I GIOVANI,Primo Turno,Udine,Gonars,30044,Comunali del 25/05/2014,395,BOARO,CLAUDIO ANTONIO
NUOVA SCELTA,Primo Turno,Udine,Gonars,30044,Comunali del 25/05/2014,177,TONDON,CARLO
LISTA CIVICA,Primo Turno,Udine,Gonars,30044,Comunali del 25/05/2014,360,TONDON,CARLO
LEGA NORD,Primo Turno,Udine,Gonars,30044,Comunali del 25/05/2014,212,DEL FRATE,MARINO
FORZA GONARS FAUGLIS ONTAGNANO BORDIGA,Primo Turno,Udine,Gonars,30044,Comunali del 25/05/2014,725,DEL FRATE,MARINO
LISTA CIVICA IL COMUNE,Primo Turno,Udine,Gonars,30044,Comunali del 25/05/2014,444,DEL FRATE,MARINO
FORZA GRIMACCO,Primo Turno,Udine,Grimacco,30045,Comunali del 25/05/2014,3,QUICCIONE,MONICA
GARMAK GRIMACCO,Primo Turno,Udine,Grimacco,30045,Comunali del 25/05/2014,62,STULIN,ADRIANO
LISTA CIVICA 'PER GRIMACCO',Primo Turno,Udine,Grimacco,30045,Comunali del 25/05/2014,110,FABELLO,ELIANA
A GRIMACCO SI PUO',Primo Turno,Udine,Grimacco,30045,Comunali del 25/05/2014,91,TRUSGNACH,LUCA
INSIEME PER IL NOSTRO COMUNE,Primo Turno,Udine,Lauco,30047,Comunali del 25/05/2014,320,DELLA NEGRA,ALCIDE
INSIEME X L'ALTOPIANO,Primo Turno,Udine,Lauco,30047,Comunali del 25/05/2014,231,ADAMI,STEFANO
CIVICAMENTE LESTIZZA,Primo Turno,Udine,Lestizza,30048,Comunali del 25/05/2014,461,GUERRA,EMANUELE
PER IL BENE COMUNE,Primo Turno,Udine,Lestizza,30048,Comunali del 25/05/2014,463,SGRAZZUTTI,ELVIO
FORZA LESTIZZA,Primo Turno,Udine,Lestizza,30048,Comunali del 25/05/2014,182,GOMBOSO,GEREMIA
SIS PAR UN,Primo Turno,Udine,Lestizza,30048,Comunali del 25/05/2014,501,GOMBOSO,GEREMIA
ASSIEME NEL COMUNE,Primo Turno,Udine,Lestizza,30048,Comunali del 25/05/2014,123,GOMBOSO,GEREMIA
IL CAMBIAMENTO,Primo Turno,Udine,Lestizza,30048,Comunali del 25/05/2014,135,GRILLO,VALERIA
LEGA NORD,Primo Turno,Udine,Lestizza,30048,Comunali del 25/05/2014,124,PAGANI,RENATO
UNITI PER UNIRE,Primo Turno,Udine,Ligosullo,30050,Comunali del 25/05/2014,69,MOROCUTTI,GIORGIO
APERTI AL FUTURO,Primo Turno,Udine,Lusevera,30051,Comunali del 25/05/2014,201,MARCHIOL,GUIDO
INSIEME PER LUSEVERA BALZAROTTI SINDACO,Primo Turno,Udine,Lusevera,30051,Comunali del 25/05/2014,189,BALZAROTTI,LUCA
RESPONSABILITA' E PARTECIPAZIONE LISTA CIVICA,Primo Turno,Udine,Magnano in Riviera,30052,Comunali del 25/05/2014,274,ERMACORA,OLGA
INSIEME PER LA COMUNITA',Primo Turno,Udine,Magnano in Riviera,30052,Comunali del 25/05/2014,950,VENCHIARUTTI,ANDREA
CINQUE CAMPANILI CON SFONDO ALPINO 'UNITI PER LO SVILUPPO',Primo Turno,Udine,Malborghetto Valbruna,30054,Comunali del 25/05/2014,245,DI VORA,DARIO
UN COMUNE PER TUTTI,Primo Turno,Udine,Malborghetto Valbruna,30054,Comunali del 25/05/2014,375,PRESCHERN,BORIS
RICOSTRUIAMO MANZANO,Primo Turno,Udine,Manzano,30055,Comunali del 25/05/2014,1043,MACORIG,DANIELE
ASCOLTO INNOVAZIONE LAVORO,Primo Turno,Udine,Manzano,30055,Comunali del 25/05/2014,494,IACUMIN,MAURO
MANZANO INNOVA,Primo Turno,Udine,Manzano,30055,Comunali del 25/05/2014,577,IACUMIN,MAURO
PROGETTO MANZANO,Primo Turno,Udine,Manzano,30055,Comunali del 25/05/2014,997,ALESSIO,LORENZO
MARANO RIPARTE,Primo Turno,Udine,Marano Lagunare,30056,Comunali del 25/05/2014,621,FORMENTIN,DEVIS
UNITI PER MARANO,Primo Turno,Udine,Marano Lagunare,30056,Comunali del 25/05/2014,454,CEPILE,MARIO
LISTA CIVICA UNITI PER COSTRUIRE,Primo Turno,Udine,Mereto di Tomba,30058,Comunali del 25/05/2014,878,MORETUZZO,MASSIMO
TUTTI INSIEME PER MERETO,Primo Turno,Udine,Mereto di Tomba,30058,Comunali del 25/05/2014,476,NIGRIS,DANIELE
INT DI MUEÇ,Primo Turno,Udine,Moggio Udinese,30059,Comunali del 25/05/2014,474,MUSI,EZIO
MOGGIO E LE SUE VALLI,Primo Turno,Udine,Moggio Udinese,30059,Comunali del 25/05/2014,665,FILAFERRO,GIORGIO
INSIEME - MIGLIORARE,Primo Turno,Udine,Mortegliano,30062,Comunali del 25/05/2014,460,COMAND,ALBERTO
MORTEGLIANO LAVARIANO CHIASIELLIS COMAND SINDACO,Primo Turno,Udine,Mortegliano,30062,Comunali del 25/05/2014,409,COMAND,ALBERTO
FRONT FURLAN MORTEAN,Primo Turno,Udine,Mortegliano,30062,Comunali del 25/05/2014,261,COMAND,ALBERTO
COMUNITA' VERA,Primo Turno,Udine,Mortegliano,30062,Comunali del 25/05/2014,547,TIRELLI,MARIALETIZIA
LISTA CIVICA DEMOCRATICA,Primo Turno,Udine,Mortegliano,30062,Comunali del 25/05/2014,527,TIRELLI,MARIALETIZIA
UNITI PER UN PROGETTO COMUNE,Primo Turno,Udine,Moruzzo,30063,Comunali del 25/05/2014,1077,PIRRO',ROBERTO
PER UN COMUNE MIGLIORE,Primo Turno,Udine,Moruzzo,30063,Comunali del 25/05/2014,229,ZANARDELLI,ALICE
MUZZANA ADESSO,Primo Turno,Udine,Muzzana del Turgnano,30064,Comunali del 25/05/2014,288,SEDRAN,CRISTIAN
LABORATORIO MUZZANA,Primo Turno,Udine,Muzzana del Turgnano,30064,Comunali del 25/05/2014,315,SEDRAN,CRISTIAN
LISTA CIVICA PROSPETTIVA COMUNE,Primo Turno,Udine,Muzzana del Turgnano,30064,Comunali del 25/05/2014,481,PEVERE,LIVIO
MOVIMENTO 5 STELLE,Primo Turno,Udine,Osoppo,30066,Comunali del 25/05/2014,187,NARDINI,BATTISTA
CUMO' PAR DOMAN - ORA PER DOMANI,Primo Turno,Udine,Osoppo,30066,Comunali del 25/05/2014,651,VENTURINI,KEVIN
NOI PER OSOPPO,Primo Turno,Udine,Osoppo,30066,Comunali del 25/05/2014,723,DE SIMON,PAOLO
OBIETTIVO COMUNE,Primo Turno,Udine,Ovaro,30067,Comunali del 25/05/2014,589,BEORCHIA,MARA
DINSI UNA MAN,Primo Turno,Udine,Ovaro,30067,Comunali del 25/05/2014,103,GOTTI,ROBERTO
"RIPARTIAMO DA OVARO, PER UNA VALLATA VIVA",Primo Turno,Udine,Ovaro,30067,Comunali del 25/05/2014,495,GALLO,PIERO
IL NOSTRO COMUNE,Primo Turno,Udine,Pagnacco,30068,Comunali del 25/05/2014,482,MAZZARO,LUCA
PLAINO CON PAGNACCO,Primo Turno,Udine,Pagnacco,30068,Comunali del 25/05/2014,537,MAZZARO,LUCA
FORZA PAGNACCO,Primo Turno,Udine,Pagnacco,30068,Comunali del 25/05/2014,456,MAZZARO,LUCA
INSIEME PER PAGNACCO,Primo Turno,Udine,Pagnacco,30068,Comunali del 25/05/2014,348,FILIPPONI,ANNALISA
Pagnacco Democratica,Primo Turno,Udine,Pagnacco,30068,Comunali del 25/05/2014,494,FILIPPONI,ANNALISA
esserci con impegno,Primo Turno,Udine,Pagnacco,30068,Comunali del 25/05/2014,270,FILIPPONI,ANNALISA
"Futuro, Ambiente, Comunita'",Primo Turno,Udine,Paluzza,30071,Comunali del 25/05/2014,883,MENTIL,MASSIMO
Continuità e sviluppo per Paluzza,Primo Turno,Udine,Paluzza,30071,Comunali del 25/05/2014,467,VEZZI,ELIA
LEGA NORD,Primo Turno,Udine,Pasian di Prato,30072,Comunali del 25/05/2014,551,POZZO,ANDREA
UNIONE DI CENTRO - CON LA GENTE,Primo Turno,Udine,Pasian di Prato,30072,Comunali del 25/05/2014,257,POZZO,ANDREA
LISTA CIVICA VOLONTARIATO E SOLIDARIETA' A PASIAN DI PRATO,Primo Turno,Udine,Pasian di Prato,30072,Comunali del 25/05/2014,398,POZZO,ANDREA
FORZA PASIAN,Primo Turno,Udine,Pasian di Prato,30072,Comunali del 25/05/2014,629,POZZO,ANDREA
GRUPPI CIVICI PASIAN DI PRATO,Primo Turno,Udine,Pasian di Prato,30072,Comunali del 25/05/2014,777,URSIG,GIORGIO
CAMBIARE PASIAN DI PRATO,Primo Turno,Udine,Pasian di Prato,30072,Comunali del 25/05/2014,201,DEGANO,ROBERTA
PASIAN DI PRATO DEMOCRATICA,Primo Turno,Udine,Pasian di Prato,30072,Comunali del 25/05/2014,1023,DEGANO,ROBERTA
GPMA GIOVANI PER PASIAN DI PRATO,Primo Turno,Udine,Pasian di Prato,30072,Comunali del 25/05/2014,387,DEGANO,ROBERTA
NUOVA PROPOSTA,Primo Turno,Udine,Pavia di Udine,30074,Comunali del 25/05/2014,1957,NONINO,EMANUELA
LISTA INDIPENDENTE PER PAVIA,Primo Turno,Udine,Pavia di Udine,30074,Comunali del 25/05/2014,125,FORTE,YLENIA
PROGETTO COMUNE,Primo Turno,Udine,Pavia di Udine,30074,Comunali del 25/05/2014,520,FABRIS,RAFFAELE
"FRATELLI D'ITALIA-ALLEANZA NAZIONALE, FIAMMA TRICOLORE, LA DESTRA",Primo Turno,Udine,Pavia di Udine,30074,Comunali del 25/05/2014,103,LUCCA,VOLVENO
PONTEBBA NEL CUORE,Primo Turno,Udine,Pontebba,30076,Comunali del 25/05/2014,206,GITSCHTHALER,RUDY
INNOVARE INSIEME CIVICA PONTEBBANA,Primo Turno,Udine,Pontebba,30076,Comunali del 25/05/2014,566,BUZZI,IVAN
INTESA PER POVOLETTO,Primo Turno,Udine,Povoletto,30078,Comunali del 25/05/2014,1300,ROMITO,ANDREA
RINNOVAMENTO - LISTA GIOVANI,Primo Turno,Udine,Povoletto,30078,Comunali del 25/05/2014,958,ROMITO,ANDREA
LEGA NORD,Primo Turno,Udine,Povoletto,30078,Comunali del 25/05/2014,437,FLORAN,CLAUDIO
CITTADINI PER LA SVOLTA,Primo Turno,Udine,Pozzuolo del Friuli,30079,Comunali del 25/05/2014,405,TION,DENNI
LISTA CIVICA CENTRO DESTRA PER IL CAMBIAMENTO,Primo Turno,Udine,Pozzuolo del Friuli,30079,Comunali del 25/05/2014,446,TION,DENNI
POZZUOLO  DEMOCRATICA,Primo Turno,Udine,Pozzuolo del Friuli,30079,Comunali del 25/05/2014,1377,TURELLO,NICOLA
PROSPETTIVA COMUNE,Primo Turno,Udine,Pozzuolo del Friuli,30079,Comunali del 25/05/2014,854,TURELLO,NICOLA
LISTA CIVICA PRADAMANO,Primo Turno,Udine,Pradamano,30080,Comunali del 25/05/2014,1020,MOSSENTA,ENRICO
IMPEGNO CIVICO PER LOVARIA E PRADAMANO,Primo Turno,Udine,Pradamano,30080,Comunali del 25/05/2014,273,BERTOSSI,IRENEO
LIBERTA' IN COMUNE,Primo Turno,Udine,Pradamano,30080,Comunali del 25/05/2014,628,MARINO,ELISABETTA
ORA UNITI,Primo Turno,Udine,Prato Carnico,30081,Comunali del 25/05/2014,411,SOLARI,VERIO
LISTA PER PRECENICCO,Primo Turno,Udine,Precenicco,30082,Comunali del 25/05/2014,449,OCCHILUPO,MASSIMO
FACCIAMO FUTURO,Primo Turno,Udine,Precenicco,30082,Comunali del 25/05/2014,484,DE NICOLO',ANDREA
LISTA CIVICA PROGETTO PREPOTTO,Primo Turno,Udine,Prepotto,30085,Comunali del 25/05/2014,148,DE SARNO,ANTONIO
LISTA CIVICA PREPOTTO PER TUTTI,Primo Turno,Udine,Prepotto,30085,Comunali del 25/05/2014,323,FORTI,MARIACLARA
INSIEME PER PULFERO,Primo Turno,Udine,Pulfero,30086,Comunali del 25/05/2014,329,MELISSA,CAMILLO
UN FUTURO PER PULFERO,Primo Turno,Udine,Pulfero,30086,Comunali del 25/05/2014,251,POLLAUSZACH,STEFANO
"RAGOGNA VIVA (E' ORA, CAMBIAMO VERSO!)",Primo Turno,Udine,Ragogna,30087,Comunali del 25/05/2014,318,SIMONITTO,IGOR
INSIEME PER RAGOGNA ALMA CONCIL,Primo Turno,Udine,Ragogna,30087,Comunali del 25/05/2014,1148,CONCIL,ALMA
INSIEME,Primo Turno,Udine,Ravascletto,30088,Comunali del 25/05/2014,218,DE CRIGNIS,ERMES ANTONIO
PER IL FUTURO DI RAVEO - ESEMON,Primo Turno,Udine,Raveo,30089,Comunali del 25/05/2014,109,ANTONIPIERI,FERRUCCIO
INTESA COMUNE PER RAVEO - ESEMON,Primo Turno,Udine,Raveo,30089,Comunali del 25/05/2014,175,BONANNI,GIULIO
PRESENTI PER IL FUTURO,Primo Turno,Udine,Reana del Rojale,30090,Comunali del 25/05/2014,649,CANCIANI,EMILIANO
PER IL ROJALE - CANCIANI SINDACO,Primo Turno,Udine,Reana del Rojale,30090,Comunali del 25/05/2014,848,CANCIANI,EMILIANO
ROJALE DEMOCRATICO,Primo Turno,Udine,Reana del Rojale,30090,Comunali del 25/05/2014,570,BASSI,PAOLO
FUARCE ROJAL - FORZA ROJALE,Primo Turno,Udine,Reana del Rojale,30090,Comunali del 25/05/2014,250,BASSI,PAOLO
LISTA CIVICA ALLEATI PER REANA DEL ROJALE,Primo Turno,Udine,Reana del Rojale,30090,Comunali del 25/05/2014,122,FASANO,NICHOLAS
MOVIMENTO CINQUE STELLE,Primo Turno,Udine,Remanzacco,30091,Comunali del 25/05/2014,396,DE MICHIELIS,MARIA-CRISTINA
CON REMANZACCO LISTA CIVICA,Primo Turno,Udine,Remanzacco,30091,Comunali del 25/05/2014,1186,BONETTI,LEOPOLDO
INSIEME,Primo Turno,Udine,Remanzacco,30091,Comunali del 25/05/2014,1664,BRIZ,DANIELA
RESIA DOMANI,Primo Turno,Udine,Resia,30092,Comunali del 25/05/2014,376,CHINESE,SERGIO
''UNIAMOCI PER RILANCIARE RESIA'',Primo Turno,Udine,Resia,30092,Comunali del 25/05/2014,304,MADOTTO,NEVIO
RIGOLATO un bene comune,Primo Turno,Udine,Rigolato,30094,Comunali del 25/05/2014,170,DI SOPRA,PAOLA
UNITI PER CAMBIARE,Primo Turno,Udine,Rigolato,30094,Comunali del 25/05/2014,57,GORTAN CAPPELLARI,EMANUELA
IL NOSTRO FUTURO,Primo Turno,Udine,Rigolato,30094,Comunali del 25/05/2014,110,GORTAN CAPPELLARI,EMANUELA
AMMINISTRARE INSIEME,Primo Turno,Udine,Rive d`Arcano,30095,Comunali del 25/05/2014,523,CHIAVOTTI,ROMEO
PROGETTO PER RIVE D'ARCANO,Primo Turno,Udine,Rive d`Arcano,30095,Comunali del 25/05/2014,671,D'ANGELO,CRISTINA
MAURIG SINDACO PROGETTO COMUNE,Primo Turno,Udine,San Giovanni al Natisone,30101,Comunali del 25/05/2014,733,MAURIG,GIUSTO
FORZA SAN GIOVANNI,Primo Turno,Udine,San Giovanni al Natisone,30101,Comunali del 25/05/2014,394,MAURIG,GIUSTO
TIARE BUINE PER VALTER BRAIDA SINDACO,Primo Turno,Udine,San Giovanni al Natisone,30101,Comunali del 25/05/2014,672,BRAIDA,VALTER
CAMBIA_MENTI - VALTER BRAIDA SINDACO,Primo Turno,Udine,San Giovanni al Natisone,30101,Comunali del 25/05/2014,517,BRAIDA,VALTER
MOVIMENTO LIBERO,Primo Turno,Udine,San Giovanni al Natisone,30101,Comunali del 25/05/2014,356,MANGONI,CESARE
UNITI PER SAN LEONARDO,Primo Turno,Udine,San Leonardo,30102,Comunali del 25/05/2014,254,COMUGNARO,ANTONIO
INSIEME PER SAN LEONARDO,Primo Turno,Udine,San Leonardo,30102,Comunali del 25/05/2014,167,COMUGNARO,ANTONIO
SCELTA PER SAN LEONARDO,Primo Turno,Udine,San Leonardo,30102,Comunali del 25/05/2014,301,PREDAN,STEFANO
LISTA CIVICA-La nostra Terra,Primo Turno,Udine,San Pietro al Natisone,30103,Comunali del 25/05/2014,505,DORBOLO',FABRIZIO
RINNOVAMENTO NUOVA SAN PIETRO,Primo Turno,Udine,San Pietro al Natisone,30103,Comunali del 25/05/2014,788,ZUFFERLI,MARIANO
IMPEGNO COMUNE,Primo Turno,Udine,Santa Maria la Longa,30104,Comunali del 25/05/2014,517,DI GIUSTO,EMANUEL
CAMBIAMO INSIEME,Primo Turno,Udine,Santa Maria la Longa,30104,Comunali del 25/05/2014,759,TRELEANI,IGOR
RINNOVAMENTO,Primo Turno,Udine,San Vito al Torre,30105,Comunali del 25/05/2014,220,TELLINI,TIZIANA
LISTA CIVICA COSTRUIRE IL FUTURO,Primo Turno,Udine,San Vito al Torre,30105,Comunali del 25/05/2014,286,ZANIN,GABRIELE
INSIEME CRAUGLIO - SAN VITO - NOGAREDO,Primo Turno,Udine,San Vito al Torre,30105,Comunali del 25/05/2014,256,CETTOLO,DORETTA
SVOLTA DEMOCRATICA,Primo Turno,Udine,San Vito di Fagagna,30106,Comunali del 25/05/2014,410,JANES,PIERPAOLO
LEALI PER SAN VITO DI FAGAGNA,Primo Turno,Udine,San Vito di Fagagna,30106,Comunali del 25/05/2014,610,FABBRO,MICHELE
PER RIPRENDERE IL CAMMINO - MITE BIDER IN BECK AUFTSANEMAN,Primo Turno,Udine,Sauris,30107,Comunali del 25/05/2014,193,GREMESE,PIETRO
SEDEGLIANO VIVE NEL RINNOVAMENTO,Primo Turno,Udine,Sedegliano,30109,Comunali del 25/05/2014,402,DONATI,IVAN
IL GUADO,Primo Turno,Udine,Sedegliano,30109,Comunali del 25/05/2014,482,DONATI,IVAN
MOVIMENTO SEDEGLIANO,Primo Turno,Udine,Sedegliano,30109,Comunali del 25/05/2014,101,CARIA,FRANCESCO
PROGREDIRE NELL'AUTONOMIA E LEGA NORD,Primo Turno,Udine,Sedegliano,30109,Comunali del 25/05/2014,988,GIACOMUZZI,DINO
IL CAMBIAMENTO,Primo Turno,Udine,Socchieve,30110,Comunali del 25/05/2014,145,TOSON,ALBINO
INSIEME,Primo Turno,Udine,Socchieve,30110,Comunali del 25/05/2014,144,FACHIN,ROBERTO
COMUNE APERTO,Primo Turno,Udine,Socchieve,30110,Comunali del 25/05/2014,130,COLUSSO,MICHELE
CON LA GENTE PER LA GENTE,Primo Turno,Udine,Socchieve,30110,Comunali del 25/05/2014,158,ZANIER,CORIGLIO
STREGNA MIGLIORE,Primo Turno,Udine,Stregna,30111,Comunali del 25/05/2014,60,POSTREGNA,LUCA
INSIEME PER STREGNA,Primo Turno,Udine,Stregna,30111,Comunali del 25/05/2014,52,POSTREGNA,LUCA
SOLE SI SOLI NO! Insieme verso un futuro migliore,Primo Turno,Udine,Stregna,30111,Comunali del 25/05/2014,109,VENETO,MAURO
UNITI PER RINASCERE,Primo Turno,Udine,Taipana,30113,Comunali del 25/05/2014,245,GRASSATO,CLAUDIO
INSIEME RINNOVIAMO,Primo Turno,Udine,Taipana,30113,Comunali del 25/05/2014,163,BASSI,ROBERTO
LISTA CIVICA COSTRUIRE IL FUTURO,Primo Turno,Udine,Talmassons,30114,Comunali del 25/05/2014,204,ZANIN,PIERO MAURO
PUNTO DI INCONTRO,Primo Turno,Udine,Talmassons,30114,Comunali del 25/05/2014,573,ZANIN,PIERO MAURO
FORZA TALMASSONS,Primo Turno,Udine,Talmassons,30114,Comunali del 25/05/2014,491,ZANIN,PIERO MAURO
LISTA CIVICA PRESENTE PER TALMASSONS,Primo Turno,Udine,Talmassons,30114,Comunali del 25/05/2014,225,ZANIN,PIERO MAURO
COSTRUIRE COMUNITA',Primo Turno,Udine,Talmassons,30114,Comunali del 25/05/2014,451,ZANELLO,GRAZIANO
PROGETTO TAVAGNACCO,Primo Turno,Udine,Tavagnacco,30118,Comunali del 25/05/2014,1550,MAIARELLI,GIANLUCA
IDEE PER TAVAGNACCO,Primo Turno,Udine,Tavagnacco,30118,Comunali del 25/05/2014,538,MAIARELLI,GIANLUCA
INTESA PER TAVAGNACCO,Primo Turno,Udine,Tavagnacco,30118,Comunali del 25/05/2014,2333,MAIARELLI,GIANLUCA
PROGETTO CIVICO,Primo Turno,Udine,Tavagnacco,30118,Comunali del 25/05/2014,587,FABRIS,FEDERICO
VIVERE TAVAGNACCO,Primo Turno,Udine,Tavagnacco,30118,Comunali del 25/05/2014,1050,FABRIS,FEDERICO
PROGETTO DEMOCRATICO,Primo Turno,Udine,Terzo di Aquileia,30120,Comunali del 25/05/2014,802,TIBALD,MICHELE
LISTA CIVICA per TERZO,Primo Turno,Udine,Terzo di Aquileia,30120,Comunali del 25/05/2014,782,GUERRA,NATALE
TOLMEZZO CAMBIA,Primo Turno,Udine,Tolmezzo,30121,Comunali del 25/05/2014,648,BROLLO,FRANCESCO
INDIPENDENTI DI CENTRO,Primo Turno,Udine,Tolmezzo,30121,Comunali del 25/05/2014,454,BROLLO,FRANCESCO
PARTITO DEMOCRATICO,Primo Turno,Udine,Tolmezzo,30121,Comunali del 25/05/2014,1089,BROLLO,FRANCESCO
MOVIMENTO 5 STELLE,Primo Turno,Udine,Tolmezzo,30121,Comunali del 25/05/2014,371,MUSER,MATTEO
TOLMEZZO DOMANI,Primo Turno,Udine,Tolmezzo,30121,Comunali del 25/05/2014,440,BISCOSI,MAURO VALENTINO
ALLEANZA PER TOLMEZZO,Primo Turno,Udine,Tolmezzo,30121,Comunali del 25/05/2014,294,BISCOSI,MAURO VALENTINO
FRATELLI D'ITALIA-ALLEANZA NAZIONALE-FIAMMA TRICOLORE-LA DESTRA,Primo Turno,Udine,Tolmezzo,30121,Comunali del 25/05/2014,150,ZEARO,DARIO
LISTA ZEARO,Primo Turno,Udine,Tolmezzo,30121,Comunali del 25/05/2014,1382,ZEARO,DARIO
IDENTITA' E IMPEGNO,Primo Turno,Udine,Tolmezzo,30121,Comunali del 25/05/2014,266,ZEARO,DARIO
PER TOLMEZZO CON TOLMEZZO,Primo Turno,Udine,Tolmezzo,30121,Comunali del 25/05/2014,245,ZEARO,DARIO
PER TRASAGHIS,Primo Turno,Udine,Trasaghis,30124,Comunali del 25/05/2014,668,PICCO,AUGUSTO
IO CITTADINO,Primo Turno,Udine,Trasaghis,30124,Comunali del 25/05/2014,626,RODARO,GIORGIO
UNITI PER TREPPO,Primo Turno,Udine,Treppo Carnico,30125,Comunali del 25/05/2014,234,CORTOLEZZIS,LUIGI
IL FUTURO CON UN CUORE ANTICO,Primo Turno,Udine,Treppo Carnico,30125,Comunali del 25/05/2014,184,PLOS,MAURIZIA
TREPPO VIVE - VIVE TREP,Primo Turno,Udine,Treppo Grande,30126,Comunali del 25/05/2014,241,CELOTTI,MANUELA
PROGETTO COMUNE,Primo Turno,Udine,Treppo Grande,30126,Comunali del 25/05/2014,149,CELOTTI,MANUELA
LEGA NORD - FORZA TREPPO,Primo Turno,Udine,Treppo Grande,30126,Comunali del 25/05/2014,80,ZANUTTO,FRANCESCO
TREPPO CAMBIA,Primo Turno,Udine,Treppo Grande,30126,Comunali del 25/05/2014,30,ZANUTTO,FRANCESCO
INSIEME PER IL COMUNE TREPPO GRANDE,Primo Turno,Udine,Treppo Grande,30126,Comunali del 25/05/2014,146,MENIS,GIORDANO
FUTURO PER TREPPO - NOI CI SIAMO,Primo Turno,Udine,Treppo Grande,30126,Comunali del 25/05/2014,93,MENIS,GIORDANO
NUOVA PAGINA,Primo Turno,Udine,Trivignano Udinese,30128,Comunali del 25/05/2014,152,ZUCCOLO,ANNA MARIA
INDENANT INSIEME,Primo Turno,Udine,Trivignano Udinese,30128,Comunali del 25/05/2014,170,ZUCCOLO,ANNA MARIA
INDIPENDENTI PER IL RINNOVAMENTO,Primo Turno,Udine,Trivignano Udinese,30128,Comunali del 25/05/2014,201,FEDELE,ROBERTO
IL FUTURO DELLA TRADIZIONE,Primo Turno,Udine,Trivignano Udinese,30128,Comunali del 25/05/2014,266,FEDELE,ROBERTO
IMPEGNO CIVICO PER VENZONE,Primo Turno,Udine,Venzone,30131,Comunali del 25/05/2014,531,AMBROSINO,MARINO
INSIEME PER VENZONE,Primo Turno,Udine,Venzone,30131,Comunali del 25/05/2014,741,DI BERNARDO,FABIO
INSIEME,Primo Turno,Udine,Verzegnis,30132,Comunali del 25/05/2014,177,CORTI,MARINO
LISTA CIVICA PER VERZEGNIS,Primo Turno,Udine,Verzegnis,30132,Comunali del 25/05/2014,101,ZANIER,DANTE
VERZEGNIS NUOVE ENERGIE,Primo Turno,Udine,Verzegnis,30132,Comunali del 25/05/2014,255,LUNAZZI,RENZO
COMUNE PARTECIPATO,Primo Turno,Udine,Villa Santina,30133,Comunali del 25/05/2014,361,CANDIDO,ELDI
GIOVANI IDEE,Primo Turno,Udine,Villa Santina,30133,Comunali del 25/05/2014,110,POLONIA,ROMANO
LA CONTINUITA',Primo Turno,Udine,Villa Santina,30133,Comunali del 25/05/2014,384,POLONIA,ROMANO
INSIEME CON NOI PER VOI INSIEME,Primo Turno,Udine,Villa Santina,30133,Comunali del 25/05/2014,288,CIMENTI,FRANCO
RINNOVAMENTO,Primo Turno,Udine,Visco,30135,Comunali del 25/05/2014,273,CECOTTI,ELENA
VIVI VISCO,Primo Turno,Udine,Visco,30135,Comunali del 25/05/2014,211,ANDRIAN,LUCIANO
ZUGLIO 2009,Primo Turno,Udine,Zuglio,30136,Comunali del 25/05/2014,262,MOLINARI,BATTISTA
PER UN NUOVO COMUNE,Primo Turno,Udine,Campolongo Tapogliano,30138,Comunali del 25/05/2014,194,PAPA,FABIO
CRESCERE INSIEME,Primo Turno,Udine,Campolongo Tapogliano,30138,Comunali del 25/05/2014,470,MASUTTO,CRISTINA
PARTITO DEMOCRATICO - UN NUOVO CUORE SULLO STELLA,Primo Turno,Udine,Rivignano Teor,30188,Comunali del 25/05/2014,1015,TABACCHI,ELENA
PROGETTO VIVI RIVIGNANO TEOR,Primo Turno,Udine,Rivignano Teor,30188,Comunali del 25/05/2014,539,ANZIL,MARIO
LEGA NORD,Primo Turno,Udine,Rivignano Teor,30188,Comunali del 25/05/2014,274,ANZIL,MARIO
CENTRO DESTRA PER ANZIL,Primo Turno,Udine,Rivignano Teor,30188,Comunali del 25/05/2014,1092,ANZIL,MARIO
LISTA GIOVANI,Primo Turno,Udine,Rivignano Teor,30188,Comunali del 25/05/2014,229,ANZIL,MARIO
FAMIGLIA & AMBIENTE,Primo Turno,Udine,Rivignano Teor,30188,Comunali del 25/05/2014,184,ANZIL,MARIO
PROPOSTA PER CAPRIVA,Primo Turno,Gorizia,Capriva del Friuli,31001,Comunali del 25/05/2014,824,SERGON,DANIELE
FORZA CAPRIVA-LEGA NORD,Primo Turno,Gorizia,Capriva del Friuli,31001,Comunali del 25/05/2014,95,ZOTTI,FRANCO
OB¿INSKA ENOTNOST UNITA' CITTADINA,Primo Turno,Gorizia,Doberdò del Lago/Doberdob,31003,Comunali del 25/05/2014,459,VIZINTIN,FABIO
FORZA DOBERDO',Primo Turno,Gorizia,Doberdò del Lago/Doberdob,31003,Comunali del 25/05/2014,49,FERFOLJA,MARINO
LISTA ZA DOBERDOB 2014 LISTA PER DOBERDO',Primo Turno,Gorizia,Doberdò del Lago/Doberdob,31003,Comunali del 25/05/2014,282,JARC,ALDO
LISTA CIVICA -TERRA E CULTURA-,Primo Turno,Gorizia,Dolegna del Collio,31004,Comunali del 25/05/2014,205,BERNARDIS,DIEGO
FARRA VIVA,Primo Turno,Gorizia,Farra d'Isonzo,31005,Comunali del 25/05/2014,280,FABBRO,ALESSANDRO
IMPEGNO COMUNE per Farra,Primo Turno,Gorizia,Farra d'Isonzo,31005,Comunali del 25/05/2014,462,FABBRO,ALESSANDRO
OBIETTIVO COMUNE,Primo Turno,Gorizia,Fogliano Redipuglia,31006,Comunali del 25/05/2014,528,MEZZORANA,PAOLO
LEGA NORD,Primo Turno,Gorizia,Fogliano Redipuglia,31006,Comunali del 25/05/2014,137,CALLIGARIS,ANTONIO
UNITI PER IL PAESE,Primo Turno,Gorizia,Fogliano Redipuglia,31006,Comunali del 25/05/2014,593,CALLIGARIS,ANTONIO
IL VALORE DEI CITTADINI,Primo Turno,Gorizia,Gradisca d'Isonzo,31008,Comunali del 25/05/2014,365,VERDIMONTI,CLAUDIO
MOVIMENTO 5 STELLE,Primo Turno,Gorizia,Gradisca d'Isonzo,31008,Comunali del 25/05/2014,312,FRESCHI,MICHELE
GRADISCA PER TUTTI,Primo Turno,Gorizia,Gradisca d'Isonzo,31008,Comunali del 25/05/2014,222,FORNASIR,ALESSANDRA
GRADISCA UNITA,Primo Turno,Gorizia,Gradisca d'Isonzo,31008,Comunali del 25/05/2014,181,FORNASIR,ALESSANDRA
RESPONSABILI PER ALESSANDRA FORNASIR,Primo Turno,Gorizia,Gradisca d'Isonzo,31008,Comunali del 25/05/2014,146,FORNASIR,ALESSANDRA
LA NOSTRA GRADISCA,Primo Turno,Gorizia,Gradisca d'Isonzo,31008,Comunali del 25/05/2014,169,FORNASIR,ALESSANDRA
CAMBIAMO VERSO GRADISCA,Primo Turno,Gorizia,Gradisca d'Isonzo,31008,Comunali del 25/05/2014,145,TOMASINSIG,LINDA
RIFONDAZIONE-COMUNISTI ITALIANI,Primo Turno,Gorizia,Gradisca d'Isonzo,31008,Comunali del 25/05/2014,217,TOMASINSIG,LINDA
OBBIETTIVO GRADISCA con Linda,Primo Turno,Gorizia,Gradisca d'Isonzo,31008,Comunali del 25/05/2014,150,TOMASINSIG,LINDA
PARTITO DEMOCRATICO,Primo Turno,Gorizia,Gradisca d'Isonzo,31008,Comunali del 25/05/2014,1029,TOMASINSIG,LINDA
PARTITO LIBERALE ITALIANO,Primo Turno,Gorizia,Gradisca d'Isonzo,31008,Comunali del 25/05/2014,26,DONNINELLI,MASSIMILIANO
FORZA MARIANO LEGA NORD,Primo Turno,Gorizia,Mariano del Friuli,31010,Comunali del 25/05/2014,155,BEVILACQUA,SERGIO
MarìanCorona,Primo Turno,Gorizia,Mariano del Friuli,31010,Comunali del 25/05/2014,588,VISINTIN,CRISTINA
IDEA PER MEDEA,Primo Turno,Gorizia,Medea,31011,Comunali del 25/05/2014,312,GODEAS,IGOR
MEDEA NUOVA,Primo Turno,Gorizia,Medea,31011,Comunali del 25/05/2014,54,STOCOVAZ,FRANCESCO
VIVERE MEDEA,Primo Turno,Gorizia,Medea,31011,Comunali del 25/05/2014,268,GALLAS,FLAVIO
INSIEME PER MOSSA,Primo Turno,Gorizia,Mossa,31014,Comunali del 25/05/2014,605,FERESIN,ELISABETTA
LEGA MOSSA,Primo Turno,Gorizia,Mossa,31014,Comunali del 25/05/2014,49,ZOFF,EDOARDO
LIBERALI PER MOSSA,Primo Turno,Gorizia,Mossa,31014,Comunali del 25/05/2014,62,SIMONELLI,ANTONELLA
NOI PER MOSSA,Primo Turno,Gorizia,Mossa,31014,Comunali del 25/05/2014,153,COSSOVEL,PATRIZIA
SLOVENSKA SKUPNOST,Primo Turno,Gorizia,San Floriano del Collio,31019,Comunali del 25/05/2014,324,PADOVAN,FRANCA
OB¿INSKA ENOTNOST UNITA' CITTADINA,Primo Turno,Gorizia,San Floriano del Collio,31019,Comunali del 25/05/2014,148,TERPIN,GIUSEPPE
UNITI PER SAN LORENZO,Primo Turno,Gorizia,San Lorenzo Isontino,31020,Comunali del 25/05/2014,563,RAZZA,BRUNO
MOVIMENTO SAN LORENZO SAN LURINZ,Primo Turno,Gorizia,San Lorenzo Isontino,31020,Comunali del 25/05/2014,242,PETTARIN,MASSIMO
SLOVENSKA SKUPNOST,Primo Turno,Gorizia,Savogna d'Isonzo,31022,Comunali del 25/05/2014,223,¿AVDEK,JULIJAN
OB¿INSKA ENOTNOST UNITA' CITTADINA,Primo Turno,Gorizia,Savogna d'Isonzo,31022,Comunali del 25/05/2014,737,FLORENIN,ALENKA
FORZA STARANZANO,Primo Turno,Gorizia,Staranzano,31023,Comunali del 25/05/2014,219,MATTEUCCI,MARIO
ALTERNATIVA PER STARANZANO RITOSSA,Primo Turno,Gorizia,Staranzano,31023,Comunali del 25/05/2014,371,RITOSSA,ADRIANO
LISTA TRICOLORE PER STARANZANO,Primo Turno,Gorizia,Staranzano,31023,Comunali del 25/05/2014,75,RITOSSA,ADRIANO
MOVIMENTO 5 STELLE,Primo Turno,Gorizia,Staranzano,31023,Comunali del 25/05/2014,567,DEIURI,DANIELE
PARTITO DEMOCRATICO,Primo Turno,Gorizia,Staranzano,31023,Comunali del 25/05/2014,1484,MARCHESAN,RICCARDO
SINISTRA PER STARANZANO,Primo Turno,Gorizia,Staranzano,31023,Comunali del 25/05/2014,310,MARCHESAN,RICCARDO
Staranzano partecipa,Primo Turno,Gorizia,Staranzano,31023,Comunali del 25/05/2014,282,MARCHESAN,RICCARDO
CITTA' COMUNE per STARANZANO,Primo Turno,Gorizia,Staranzano,31023,Comunali del 25/05/2014,187,VOLPATO,MAURIZIO
IL PAESE IN COMUNE,Primo Turno,Gorizia,Turriaco,31024,Comunali del 25/05/2014,556,MASAT,MASSIMO
Partito Democratico,Primo Turno,Gorizia,Turriaco,31024,Comunali del 25/05/2014,534,BULLIAN,ENRICO
LiberaMente a TURRIACO,Primo Turno,Gorizia,Turriaco,31024,Comunali del 25/05/2014,258,BULLIAN,ENRICO
FORZA MONRUPINO,Primo Turno,Trieste,Monrupino/Repentabor,32002,Comunali del 25/05/2014,18,ZIGANTE,DENIS
SKUPAJ ZA REPENTABOR . INSIEME PER MONRUPINO,Primo Turno,Trieste,Monrupino/Repentabor,32002,Comunali del 25/05/2014,315,PISANI,MARKO
LISTA PROGRESSISTA - NAPREDNA LISTA,Primo Turno,Trieste,Monrupino/Repentabor,32002,Comunali del 25/05/2014,136,CIBI,CASIMIRO
UN'ALTRA MONRUPINO,Primo Turno,Trieste,Monrupino/Repentabor,32002,Comunali del 25/05/2014,17,FRÖMMEL,CLAUDIO
FRONTE PER L'INDIPENDENZA DEL TERRITORIO LIBERO DI TRIESTE,Primo Turno,Trieste,Monrupino/Repentabor,32002,Comunali del 25/05/2014,14,DELUCA,ADRIANO
SINISTRA ECOLOGIA LIBERTA' - SVOBODA EKOLOGIJA LEVICA,Primo Turno,Trieste,San Dorligo della Valle/Dolina,32004,Comunali del 25/05/2014,71,KLUN,SANDY
PARTITO DEMOCRATICO-DEMOKRATSKA STRANKA,Primo Turno,Trieste,San Dorligo della Valle/Dolina,32004,Comunali del 25/05/2014,947,KLUN,SANDY
SLOVENSKA SKUPNOST,Primo Turno,Trieste,San Dorligo della Valle/Dolina,32004,Comunali del 25/05/2014,287,KLUN,SANDY
OB¿ANI ZA OB¿INO DOLINA - CITTADINI PER IL COMUNE DI S. DORLIGO,Primo Turno,Trieste,San Dorligo della Valle/Dolina,32004,Comunali del 25/05/2014,91,KLUN,SANDY
SINISTRA UNITA - ZDRU¿ENA LEVICA,Primo Turno,Trieste,San Dorligo della Valle/Dolina,32004,Comunali del 25/05/2014,337,KLUN,SANDY
PARTITO LIBERALE ITALIANO,Primo Turno,Trieste,San Dorligo della Valle/Dolina,32004,Comunali del 25/05/2014,27,STOLLI,DANIELE
LISTA CIVICA TERRITORIO AMBIENTE-OB¿ANSKA LISTA TERITORIJ OKOLJE,Primo Turno,Trieste,San Dorligo della Valle/Dolina,32004,Comunali del 25/05/2014,197,DROZINA,ROBERTO
DOLINA FORUM CIVICO - OB¿INSKI FORUM,Primo Turno,Trieste,San Dorligo della Valle/Dolina,32004,Comunali del 25/05/2014,85,CANZIANI,MAJDA
LEGA NORD,Primo Turno,Trieste,San Dorligo della Valle/Dolina,32004,Comunali del 25/05/2014,128,SLOKAR,DANILO
LISTA GOMBA¿,Primo Turno,Trieste,San Dorligo della Valle/Dolina,32004,Comunali del 25/05/2014,254,GOMBA¿,BORIS
FORZA SAN DORLIGO,Primo Turno,Trieste,San Dorligo della Valle/Dolina,32004,Comunali del 25/05/2014,166,MASSI,ROBERTO
FRONTE PER L'INDIPENDENZA DEL TERRITORIO LIBERO DI TRIESTE,Primo Turno,Trieste,San Dorligo della Valle/Dolina,32004,Comunali del 25/05/2014,104,GHERLANZ,GIORGIO
FRONTE PER L'INDIPENDENZA DEL TERRITORIO LIBERO DI TRIESTE,Primo Turno,Trieste,Sgonico/Zgonik,32005,Comunali del 25/05/2014,50,PISANI,ALESSANDRO
LEGA NORD,Primo Turno,Trieste,Sgonico/Zgonik,32005,Comunali del 25/05/2014,25,KLEMSE,MARCO
SLOVENSKA SKUPNOST,Primo Turno,Trieste,Sgonico/Zgonik,32005,Comunali del 25/05/2014,159,¿BOGAR,DIMITRI
FORZA SGONICO,Primo Turno,Trieste,Sgonico/Zgonik,32005,Comunali del 25/05/2014,115,GEREMIA,PIERO
DEMOCRAZIA CRISTIANA,Primo Turno,Trieste,Sgonico/Zgonik,32005,Comunali del 25/05/2014,18,MELILLO,GIANFRANCO
PARTITO LIBERALE ITALIANO,Primo Turno,Trieste,Sgonico/Zgonik,32005,Comunali del 25/05/2014,39,SAI,MANLIO
SKUPAJ - INSIEME,Primo Turno,Trieste,Sgonico/Zgonik,32005,Comunali del 25/05/2014,661,HROVATIN,MONICA
VIVERE ANDREIS,Primo Turno,Pordenone,Andreis,93001,Comunali del 25/05/2014,98,ALZETTA,ROMERO
INSIEME,Primo Turno,Pordenone,Andreis,93001,Comunali del 25/05/2014,27,FREGONESE,ISABELLA
UNITI PER ARBA E COLLE,Primo Turno,Pordenone,Arba,93002,Comunali del 25/05/2014,324,MUCCIOLO,CARMINE
AMBIENTE-FUTURO-QUOTIDIANO PER ARBA E COLLE,Primo Turno,Pordenone,Arba,93002,Comunali del 25/05/2014,365,FERRARIN,ANTONIO
FORZA BRUGNERA,Primo Turno,Pordenone,Brugnera,93007,Comunali del 25/05/2014,379,CARNIELLO,DINO
PER IL NOSTRO COMUNE BRUGNERA,Primo Turno,Pordenone,Brugnera,93007,Comunali del 25/05/2014,146,CARNIELLO,DINO
LISTA CIVICA - PER BRUGNERA,Primo Turno,Pordenone,Brugnera,93007,Comunali del 25/05/2014,1878,MORAS,IVO
INSIEME PER BRUGNERA,Primo Turno,Pordenone,Brugnera,93007,Comunali del 25/05/2014,1160,ANTONEL,STEFANO
PROGETTO COMUNE,Primo Turno,Pordenone,Brugnera,93007,Comunali del 25/05/2014,261,PIVETTA,EDIS
CENTRO DESTRA BRUGNERA,Primo Turno,Pordenone,Brugnera,93007,Comunali del 25/05/2014,436,PIVETTA,EDIS
UNITI AL CENTRO PER BUDOIA,Primo Turno,Pordenone,Budoia,93008,Comunali del 25/05/2014,134,GIANNELLI,GIULIO
LEGA NORD,Primo Turno,Pordenone,Budoia,93008,Comunali del 25/05/2014,141,GIANNELLI,GIULIO
PROPOSTA CIVICA,Primo Turno,Pordenone,Budoia,93008,Comunali del 25/05/2014,134,GIANNELLI,GIULIO
PROSPETTIVA FUTURA,Primo Turno,Pordenone,Budoia,93008,Comunali del 25/05/2014,266,DE MARCHI,ROBERTO
PARTITO DEMOCRATICO,Primo Turno,Pordenone,Budoia,93008,Comunali del 25/05/2014,461,DE MARCHI,ROBERTO
Cavasso e Orgnese uniti per il domani,Primo Turno,Pordenone,Cavasso Nuovo,93012,Comunali del 25/05/2014,704,ZANON,EMANUELE
LISTA CIVICA COMUNE AL CENTRO,Primo Turno,Pordenone,Chions,93013,Comunali del 25/05/2014,625,DELLA ROSA,FEDERICA
LISTA CIVICA OBIETTIVO COMUNE,Primo Turno,Pordenone,Chions,93013,Comunali del 25/05/2014,619,DELLA ROSA,FEDERICA
LISTA CIVICA IMPEGNO PER CHIONS,Primo Turno,Pordenone,Chions,93013,Comunali del 25/05/2014,1100,PAVAN,GIAN CARLO
UN FUTURO PER CORDOVADO,Primo Turno,Pordenone,Cordovado,93018,Comunali del 25/05/2014,1245,TONEGUZZO,FRANCESCO
FANNA DOMANI LISTA BOTTECCHIA,Primo Turno,Pordenone,Fanna,93020,Comunali del 25/05/2014,495,BOTTECCHIA,DEMIS
FANNA,Primo Turno,Pordenone,Fanna,93020,Comunali del 25/05/2014,333,MONGIAT,CLAUDIO
IDEEINCOMUNE,Primo Turno,Pordenone,Fontanafredda,93022,Comunali del 25/05/2014,429,PERUCH,CLAUDIO
PARTITO DEMOCRATICO,Primo Turno,Pordenone,Fontanafredda,93022,Comunali del 25/05/2014,1021,PERUCH,CLAUDIO
ALLEATI PER FONTANAFREDDA,Primo Turno,Pordenone,Fontanafredda,93022,Comunali del 25/05/2014,295,PERUCH,CLAUDIO
MOVIMENTO 5 STELLE,Primo Turno,Pordenone,Fontanafredda,93022,Comunali del 25/05/2014,538,FIORILLO,GIULIA
PUNTO A CAPO,Primo Turno,Pordenone,Fontanafredda,93022,Comunali del 25/05/2014,204,DELLA SCHIAVA,LUCA
CAMBIARE IL SISTEMA,Primo Turno,Pordenone,Fontanafredda,93022,Comunali del 25/05/2014,250,DELLA SCHIAVA,LUCA
FARE COMUNE,Primo Turno,Pordenone,Fontanafredda,93022,Comunali del 25/05/2014,481,BOLZONELLO,CARLO
La SOCIETA' CIVILE,Primo Turno,Pordenone,Fontanafredda,93022,Comunali del 25/05/2014,539,BOLZONELLO,CARLO
PROGETTO E' CAMBIAMENTO,Primo Turno,Pordenone,Fontanafredda,93022,Comunali del 25/05/2014,343,FELTRIN,ALESSANDRO
LEGA NORD,Primo Turno,Pordenone,Fontanafredda,93022,Comunali del 25/05/2014,250,FELTRIN,ALESSANDRO
LISTA CIVICA 'IMPEGNO INSIEME',Primo Turno,Pordenone,Fontanafredda,93022,Comunali del 25/05/2014,191,FELTRIN,ALESSANDRO
FONTANAFREDDA INSIEME,Primo Turno,Pordenone,Fontanafredda,93022,Comunali del 25/05/2014,81,FELTRIN,ALESSANDRO
"Forza Fontanafredda, NCD e Fratelli d'Italia",Primo Turno,Pordenone,Fontanafredda,93022,Comunali del 25/05/2014,678,FELTRIN,ALESSANDRO
INSIEME PER LA VALLE,Primo Turno,Pordenone,Frisanco,93024,Comunali del 25/05/2014,23,TRAMONTINA,GIANNI
LA GIOVANE VALCOLVERA,Primo Turno,Pordenone,Frisanco,93024,Comunali del 25/05/2014,265,ROVEDO,SANDRO
LEGA NORD,Primo Turno,Pordenone,Meduno,93026,Comunali del 25/05/2014,89,VANIN,ORESTE
ESPERIENZA E RINNOVAMENTO PER MEDUNO,Primo Turno,Pordenone,Meduno,93026,Comunali del 25/05/2014,430,VANIN,ORESTE
DI MIDUN PAR MIDUN,Primo Turno,Pordenone,Meduno,93026,Comunali del 25/05/2014,379,DE STEFANO,CARLO
CAMBIARE Insieme si puo',Primo Turno,Pordenone,Morsano al Tagliamento,93028,Comunali del 25/05/2014,668,BAREI,PIERO
PROGETTO MORSANO,Primo Turno,Pordenone,Morsano al Tagliamento,93028,Comunali del 25/05/2014,382,BIASIN,GIULIANO
LISTA CIVICA PER MORSANO S. PAOLO MUSSONS SALETTO BANDO,Primo Turno,Pordenone,Morsano al Tagliamento,93028,Comunali del 25/05/2014,165,BIASIN,GIULIANO
LEGA NORD,Primo Turno,Pordenone,Pasiano di Pordenone,93029,Comunali del 25/05/2014,314,ANTONIOLLI,LORIS
FORZA PASIANO,Primo Turno,Pordenone,Pasiano di Pordenone,93029,Comunali del 25/05/2014,776,ANTONIOLLI,LORIS
PASIANO VIVA,Primo Turno,Pordenone,Pasiano di Pordenone,93029,Comunali del 25/05/2014,296,PASE,MONICA
PASIANO DEMOCRATICA,Primo Turno,Pordenone,Pasiano di Pordenone,93029,Comunali del 25/05/2014,609,PASE,MONICA
CITTADINI IN LISTA,Primo Turno,Pordenone,Pasiano di Pordenone,93029,Comunali del 25/05/2014,228,PICCININ,EDI
PASIANO UNITA,Primo Turno,Pordenone,Pasiano di Pordenone,93029,Comunali del 25/05/2014,505,PICCININ,EDI
PASIANO SEI TU,Primo Turno,Pordenone,Pasiano di Pordenone,93029,Comunali del 25/05/2014,469,PICCININ,EDI
Lista Civica  ALLEANZA PER PASIANO - FRATELLI D'ITALIA - ALLEANZA NAZIONALE,Primo Turno,Pordenone,Pasiano di Pordenone,93029,Comunali del 25/05/2014,302,PICCININ,EDI
IL GIGLIO BIANCO,Primo Turno,Pordenone,Porcia,93032,Comunali del 25/05/2014,150,TONETTO,ALESSANDRO
MoVimento 5 Stelle,Primo Turno,Pordenone,Porcia,93032,Comunali del 25/05/2014,961,VERONESE,FABIO
POPOLARI CENTRO DESTRA -GIACOMINI SINDACO,Primo Turno,Pordenone,Porcia,93032,Comunali del 25/05/2014,546,GIACOMINI,MARCO
FORZA ITALIA BERLUSCONI PER GIACOMINI,Primo Turno,Pordenone,Porcia,93032,Comunali del 25/05/2014,871,GIACOMINI,MARCO
SINISTRA ECOLOGIA LIBERTA',Primo Turno,Pordenone,Porcia,93032,Comunali del 25/05/2014,143,ABABIO,BARBARA
IL CITTADINO,Primo Turno,Pordenone,Porcia,93032,Comunali del 25/05/2014,224,REITANO,GRAZIELLA
LEGA NORD,Primo Turno,Pordenone,Porcia,93032,Comunali del 25/05/2014,732,SARTINI,MARCO
LISTA CIVICA PER PORCIA,Primo Turno,Pordenone,Porcia,93032,Comunali del 25/05/2014,405,SARTINI,MARCO
FRATELLI d' ITALIA - ALLEANZA NAZIONALE,Primo Turno,Pordenone,Porcia,93032,Comunali del 25/05/2014,473,SARTINI,MARCO
PARTITO DEMOCRATICO,Primo Turno,Pordenone,Porcia,93032,Comunali del 25/05/2014,2171,GAIARIN,GIUSEPPE
PORCIA BENE COMUNE,Primo Turno,Pordenone,Porcia,93032,Comunali del 25/05/2014,485,GAIARIN,GIUSEPPE
LEGA NORD,Primo Turno,Pordenone,Roveredo in Piano,93036,Comunali del 25/05/2014,215,BERGNACH,SERGIO
IL CENTRODESTRA per Roveredo,Primo Turno,Pordenone,Roveredo in Piano,93036,Comunali del 25/05/2014,509,BERGNACH,SERGIO
LISTA BERGNACH ROVEREDO,Primo Turno,Pordenone,Roveredo in Piano,93036,Comunali del 25/05/2014,505,BERGNACH,SERGIO
IL DELFINO - FARE PER ROVEREDO,Primo Turno,Pordenone,Roveredo in Piano,93036,Comunali del 25/05/2014,199,MIOTTI,DANIELE
MOVIMENTO CINQUE STELLE,Primo Turno,Pordenone,Roveredo in Piano,93036,Comunali del 25/05/2014,231,TAMAI,FABIO
LA TUA ROVEREDO,Primo Turno,Pordenone,Roveredo in Piano,93036,Comunali del 25/05/2014,323,GIACOMINI,MARA
ROVEREDO FUTURA,Primo Turno,Pordenone,Roveredo in Piano,93036,Comunali del 25/05/2014,266,GIACOMINI,MARA
PARTITO DEMOCRATICO,Primo Turno,Pordenone,Roveredo in Piano,93036,Comunali del 25/05/2014,734,GIACOMINI,MARA
FRATELLI D'ITALIA - ALLEANZA NAZIONALE,Primo Turno,Pordenone,Sacile,93037,Comunali del 25/05/2014,199,CERAOLO,ROBERTO
LEGA NORD,Primo Turno,Pordenone,Sacile,93037,Comunali del 25/05/2014,1011,CERAOLO,ROBERTO
FORZA ITALIA - BERLUSCONI PER CERAOLO,Primo Turno,Pordenone,Sacile,93037,Comunali del 25/05/2014,1883,CERAOLO,ROBERTO
CERAOLO SINDACO - CIVICA PER SACILE,Primo Turno,Pordenone,Sacile,93037,Comunali del 25/05/2014,1616,CERAOLO,ROBERTO
ATTIVA SACILE.IT - FARE,Primo Turno,Pordenone,Sacile,93037,Comunali del 25/05/2014,425,CERAOLO,ROBERTO
MOVIMENTO 5 STELLE,Primo Turno,Pordenone,Sacile,93037,Comunali del 25/05/2014,938,ZUZZI,GIANFRANCO
CITTADINI PER SACILE,Primo Turno,Pordenone,Sacile,93037,Comunali del 25/05/2014,203,BASSO,FRANCO
SINISTRA ECOLOGIA LIBERTA',Primo Turno,Pordenone,Sacile,93037,Comunali del 25/05/2014,105,BASSO,FRANCO
SACILE Partecipata e Sostenibile,Primo Turno,Pordenone,Sacile,93037,Comunali del 25/05/2014,226,BASSO,FRANCO
PARTITO SOCIALISTA ITALIANO,Primo Turno,Pordenone,Sacile,93037,Comunali del 25/05/2014,166,BASSO,FRANCO
PARTITO DEMOCRATICO,Primo Turno,Pordenone,Sacile,93037,Comunali del 25/05/2014,2111,BASSO,FRANCO
INSIEME,Primo Turno,Pordenone,Sacile,93037,Comunali del 25/05/2014,253,ZORZETTO,NEVIO
UNITI PER S. MARTINO,Primo Turno,Pordenone,San Martino al Tagliamento,93039,Comunali del 25/05/2014,427,D'ANDREA,VANIA
EQUITA',Primo Turno,Pordenone,San Martino al Tagliamento,93039,Comunali del 25/05/2014,445,DEL BIANCO,FRANCESCO
Obiettivi Comuni,Primo Turno,Pordenone,Sesto al Reghena,93043,Comunali del 25/05/2014,704,DEL ZOTTO,MARCELLO
Cittadini Attivi,Primo Turno,Pordenone,Sesto al Reghena,93043,Comunali del 25/05/2014,715,DEL ZOTTO,MARCELLO
Progetto Comune - Voltiamo pagina con Elisa Coassin,Primo Turno,Pordenone,Sesto al Reghena,93043,Comunali del 25/05/2014,926,COASSIN,ELISA
Prospettiva Comune,Primo Turno,Pordenone,Sesto al Reghena,93043,Comunali del 25/05/2014,302,ZOPPOLATO,BEPPINO
Onestamente si può,Primo Turno,Pordenone,Sesto al Reghena,93043,Comunali del 25/05/2014,384,ZOPPOLATO,BEPPINO
UNITI PER LA VALLE,Primo Turno,Pordenone,Tramonti di Sopra,93045,Comunali del 25/05/2014,125,TITOLO,ANTONINO
CIVICA TRAMONTI DI SOPRA,Primo Turno,Pordenone,Tramonti di Sopra,93045,Comunali del 25/05/2014,137,URBAN,GIACOMO
TRAMONTI VIVE,Primo Turno,Pordenone,Tramonti di Sotto,93046,Comunali del 25/05/2014,148,BIDOLI,GIAMPAOLO
FORZA TRAMONTI DI SOTTO,Primo Turno,Pordenone,Tramonti di Sotto,93046,Comunali del 25/05/2014,34,MONGIAT,GABRIELE
PER LA VALLE UNITA,Primo Turno,Pordenone,Tramonti di Sotto,93046,Comunali del 25/05/2014,100,CAPPELLO,ARTURO
Partito Democratico - Zilli Sindaco,Primo Turno,Pordenone,Valvasone,93048,Comunali del 25/05/2014,276,ZILLI,DANIELE
PER VALVASONE - PAR VOLESON,Primo Turno,Pordenone,Valvasone,93048,Comunali del 25/05/2014,395,MAURMAIR,MARKUS
ViVa - Vivi Valvasone,Primo Turno,Pordenone,Valvasone,93048,Comunali del 25/05/2014,345,MAURMAIR,MARKUS
"INSIEME PER VIVARO-RINNOVAMENTO, IMPEGNO E TRASPARENZA",Primo Turno,Pordenone,Vivaro,93050,Comunali del 25/05/2014,485,CANDIDO,MAURO
VIVERE BENE TUTTI,Primo Turno,Pordenone,Vivaro,93050,Comunali del 25/05/2014,236,VASCOTTO,FEDERICO
